order_id,customer_unique_id,order_status,order_purchase_timestamp,customer_city,customer_state,price,freight_value,product_id,product_category_name,product_category_name_english,delivery_days,delivery_status,review_score
8e24261a7e58791d10cb1bf9da94df5c,41fc647b8c6bd979b1b6364b60471b50,unavailable,2017-11-16 15:09:28,sao bento do sul,SC,,,,,,,On Time,1.0
1b9ecfe83cdc259250e1a8aca174f0ad,8ea097b1824dbd4d17af71b0afe04301,canceled,2018-08-04 14:29:27,sao paulo,SP,25.0,8.34,ad673c1cd02b966e931f9db4fdc34791,informatica_acessorios,computers_accessories,,On Time,1.0
c272bcd21c287498b4883c7512019702,0e634b16e4c585acbd7b2e8276ce6677,unavailable,2018-01-31 11:31:37,praia grande,SP,,,,,,,On Time,3.0
714fb133a6730ab81fa1d3c1b2007291,c4ebedb09beb89cc0314c5c0c33f8053,canceled,2018-01-26 21:34:08,diadema,SP,69.9,26.11,a0b7d5a992ccda646f2d34e418fff5a0,moveis_decoracao,furniture_decor,,On Time,1.0
37553832a3a89c9b2db59701c357ca67,596ed6d7a35890b3fbac54ec01f69685,unavailable,2017-08-14 17:38:02,sao paulo,SP,,,,,,,On Time,1.0
d57e15fb07fd180f06ab3926b39edcd2,2349bbb558908e0955e98d47dacb7adb,unavailable,2018-01-08 19:39:03,paulo afonso,BA,,,,,,,On Time,1.0
3a129877493c8189c59c60eb71d97c29,11c3d6c93dea6ce86769a4835c171bd9,canceled,2018-01-25 13:34:24,maringa,PR,35.9,15.1,7e857e35018e4a05b7d124d1628dc1f0,esporte_lazer,sports_leisure,,On Time,1.0
00b1cb0320190ca0daa2c88b35206009,4fa4365000c7090fcb8cad5713c6d3db,canceled,2018-08-28 15:26:39,sao paulo,SP,,,,,,,On Time,1.0
2f634e2cebf8c0283e7ef0989f77d217,21c933c8dd97d088e64c50988c90ccf5,unavailable,2017-09-27 20:55:33,sao paulo,SP,,,,,,,On Time,1.0
ee0db22a8e742b752914016708470ec8,bdc67efa33dd0c3228b91714ac6e363c,unavailable,2017-08-24 11:04:41,rio de janeiro,RJ,,,,,,,On Time,1.0
ed3efbd3a87bea76c2812c66a0b32219,08642cd329066fe11ec63293f714f2f8,canceled,2018-09-20 13:54:16,santa luzia,MG,,,,,,,On Time,2.0
0966b61e30c4a07edbd7523f59b3f3e4,da4f38e2697f8013c97ed2d8af65e0b9,canceled,2018-05-22 18:50:55,rio das ostras,RJ,68.31,23.06,d062241f27854330b57851b64d08d472,moveis_decoracao,furniture_decor,,On Time,1.0
0966b61e30c4a07edbd7523f59b3f3e4,da4f38e2697f8013c97ed2d8af65e0b9,canceled,2018-05-22 18:50:55,rio das ostras,RJ,68.31,23.06,d062241f27854330b57851b64d08d472,moveis_decoracao,furniture_decor,,On Time,1.0
0966b61e30c4a07edbd7523f59b3f3e4,da4f38e2697f8013c97ed2d8af65e0b9,canceled,2018-05-22 18:50:55,rio das ostras,RJ,68.31,23.06,d062241f27854330b57851b64d08d472,moveis_decoracao,furniture_decor,,On Time,1.0
9021cf1919f615a121410790dcce848f,54d7a15160876f86860fd741b906a742,canceled,2018-07-04 16:05:56,buenopolis,MG,219.0,14.87,e3db46616e0d26551a86377bab9b0308,perfumaria,perfumery,,On Time,1.0
6ad57aecbae806a7e9cc2cdb6b380711,45b1948a7554a397cc42c2ea55c54ab6,unavailable,2017-11-30 07:48:24,itapetininga,SP,,,,,,,On Time,1.0
df8282afe61008dc26c6c31011474d02,c219f4ac1bc7f1aea33e6ab8885831e8,canceled,2017-03-04 12:14:30,castanhal,PA,,,,,,,On Time,3.0
a39d3db795a5cf4c8b6c9dd050f0d326,8c36d7644f5966816dcdd2d70b606eba,canceled,2017-03-13 16:12:24,santo andre,SP,129.99,16.02,baeb8e1a680cf9e1f13557d74b6cec3d,ferramentas_jardim,garden_tools,,On Time,1.0
8d4c637f1accf7a88a4555f02741e606,a8dd81392e5eee5d979c629a76abec2a,canceled,2018-08-29 16:27:49,campinas,SP,,,,,,,On Time,5.0
9f3458f0433d4cfa472f4682654b8d49,a946faf63af327d1dd0362b3fa3882a3,unavailable,2017-07-18 23:36:55,pinhais,PR,,,,,,,On Time,5.0
7a9d4c7f9b068337875b95465330f2fc,29dc4aeff866d6a940c471a3ea4faef0,canceled,2017-05-01 16:12:39,sao paulo,SP,,,,,,,On Time,5.0
375f80ffc05feb35ce2680f1fa490575,1262c5e6cb8a5dc8c45fde0d536da589,canceled,2017-06-13 21:10:05,rio de janeiro,RJ,89.9,21.12,b23cca4f37391d03408aed65983bdc40,brinquedos,toys,,On Time,1.0
6bfa92d3952f762df12752e4937cd63e,6eb9314151358fa3229b370c00fa289d,canceled,2018-04-27 21:28:24,sao paulo,SP,72.5,47.81,5016388edcd982069aa2d39a8a878da7,esporte_lazer,sports_leisure,,On Time,1.0
f0df036e9be21fc238f131bbfcdde769,61181b9bc9188678b5991d89064dd961,unavailable,2017-02-24 23:39:21,pimenta bueno,RO,,,,,,,On Time,1.0
86f0bcd9b426a2c1022ae317c7f27be6,930c4390af58f67334447c3a1cf2ba36,unavailable,2017-03-08 15:13:03,mandaguacu,PR,,,,,,,On Time,4.0
98fe01bc254b759c1f2c11d77c2891d5,b9fdb2f344509f77f84250a748c6319c,unavailable,2017-10-17 18:34:56,redencao,PA,,,,,,,On Time,1.0
2eb5ba20812f78127f6243fa27fb40e5,4d024a9c22e0d1232091ee9915499719,canceled,2017-05-29 18:10:06,promissao,SP,180.0,72.61,d88d2f4938825da4771d7972d76c5da7,esporte_lazer,sports_leisure,,On Time,1.0
f56dc9034c3962e36d49fb73baa12800,f3227a87d760e7bbcaf5377918fd68a5,unavailable,2017-08-10 22:20:51,sao luis,MA,,,,,,,On Time,3.0
1950d777989f6a877539f53795b4c3c3,6a04c8339c44b23e189446216a494569,canceled,2018-02-19 19:48:52,contagem,MG,29.99,14.1,e435ceb7ced9b8446defd858630454ed,beleza_saude,health_beauty,30.0,Late,3.0
0130f0f71fb0e831d18e6a3b33a3a50c,d4bf092ba54c293495ebbbd982d653d8,unavailable,2017-05-12 10:17:23,campinas,SP,,,,,,,On Time,1.0
ddaec6fff982b13e7e048b627a11d6da,00f0b70fdcb8a6e1671b52a2472bd41f,canceled,2016-10-04 19:41:32,sao paulo,SP,,,,,,,On Time,1.0
84b8ba39037606b7b30a39d02e9e4154,36e06ca722231b14a75e6a33ffaa5f37,unavailable,2018-06-27 19:51:02,sao paulo,SP,,,,,,,On Time,1.0
5290c34bd38a8a095b885f13958db1e1,e61f0f032bc92cadf0ec55f9c1c8b5ec,canceled,2018-08-21 10:25:18,mogi-guacu,SP,,,,,,,On Time,3.0
6261f3240a8778c656bd28aeb2ba9985,23643c53099bde88bb77d5a199704035,canceled,2017-05-31 13:21:35,vitoria da conquista,BA,198.0,17.83,58b0b0b3e6b7f8ecd3874db9c141250d,brinquedos,toys,,On Time,5.0
5ad5a1ef522da1732ab963ea1fb6165b,25909109137a0ddcd2aa2e4c8cce912c,canceled,2017-06-22 19:53:09,sao paulo,SP,13.5,11.73,f52a0f70e54976873a4a7402349c6105,Unknown,,,On Time,1.0
2f30c0b1905c65a8ff6c6358bc909625,215e0a9044344dca7820b462c60bd206,unavailable,2017-12-08 09:32:48,ribeirao preto,SP,,,,,,,On Time,
534a0fbe91a806a1dc6bf09b497e3d6f,cf41887f4cbf217c6fad258a83ba2d32,unavailable,2018-01-22 02:45:40,sao paulo,SP,,,,,,,On Time,1.0
5965bbd72c3ca0d9634419437ca53897,b9efc86b7c6269eaeba5bdbdd5127e1b,unavailable,2017-01-30 10:29:25,pocos de caldas,MG,,,,,,,On Time,1.0
03310aa823a66056268a3bab36e827fb,46450c74a0d8c5ca9395da1daac6c120,canceled,2018-08-07 16:33:59,florianopolis,SC,,,,,,,On Time,1.0
b07abc8b9acaf00e79b4657419f469f3,fc44fbafeb777f4758880f91e2a33fe2,unavailable,2017-03-09 17:45:04,sao paulo,SP,,,,,,,On Time,1.0
1ff6183537eb3a189de77b309ed28ad1,93345700f0e852aa904fae18cec8437c,unavailable,2018-01-02 17:31:02,nova iguacu,RJ,,,,,,,On Time,1.0
2411e5019928e883d049f7242362c23b,af70cd6337ae27de089c616dad39bea0,unavailable,2017-09-17 12:15:07,itabirito,MG,,,,,,,On Time,1.0
96ae30a2357a999e6010b2f1401af374,beb5288c896678914470c6a650c78302,canceled,2017-07-31 16:37:31,borborema,SP,26.9,11.85,20cfa43a881c16cdedaaab83e139d302,informatica_acessorios,computers_accessories,,On Time,3.0
f8303e6eff198d1749d04649a1eb2bb6,7b871ce95712547231108ebbbd4eceaf,unavailable,2018-01-21 20:44:54,maravilha,SC,,,,,,,On Time,1.0
73c182f8914a0064d6c64ad65e4c6942,fcd318dd219cded4518d90c72b04281a,canceled,2017-02-08 00:53:19,anapolis,GO,49.9,17.78,8d98dedc3c19de17f1a090195e85d6b6,brinquedos,toys,,On Time,1.0
4c8b9947280829d0a8b7e81cc249b875,391d6062da3dd65b4de4524f28c478de,canceled,2018-08-09 14:54:47,sao paulo,SP,,,,,,,On Time,1.0
e5fa5a7210941f7d56d0208e4e071d35,4854e9b3feff728c13ee5fc7d1547e92,canceled,2016-09-05 00:15:34,passo fundo,RS,59.5,15.56,f3c2d01a84c947b078e32bbef0718962,telefonia,telephony,,On Time,1.0
c2ccb6c2af36d8492e83ecf528f2755c,1ff3b4e02a84ba7bd1bd2a65bc330514,unavailable,2018-05-21 13:48:16,sao paulo,SP,,,,,,,On Time,2.0
b7be5e58fd37e6165dbb39e8362c8446,2d6e75f5a4a33d3a936f1ea68ac9bf01,unavailable,2017-06-29 18:07:49,natal,RN,,,,,,,On Time,
b13ea375fe9c728832688264638f84cf,9075f7211578ba5165cbd7fb49947eba,canceled,2018-08-22 18:52:29,campinas,SP,,,,,,,On Time,1.0
bcd65d5c97ac448bb3efc90b759909fd,516aae6b5114b40f0c423bcec3f73bc3,unavailable,2018-07-20 16:24:23,caieiras,SP,,,,,,,On Time,1.0
46f36d95da75ced0462d57df904d36d0,e62169ba0cb892e8e7b57e8602f8da7f,unavailable,2017-03-02 15:27:25,uberaba,MG,,,,,,,On Time,5.0
4748c7d66bbedbf52de84b3bc4cbc482,630e7d4236d6daef990ce5cced20ad12,unavailable,2017-05-25 21:45:54,sao paulo,SP,,,,,,,On Time,1.0
8a9cce19aa49e055f2babb81d5a71c40,a8d64e57b4807a004f1ff59dc4211061,canceled,2018-02-01 10:04:20,peruibe,SP,149.9,17.76,91f55803717622c017fb93898242a592,alimentos,food,,On Time,1.0
ea844c92cf978ea23321fa7fe5871761,c1ee153508c6b785b491443a95ff364e,canceled,2018-09-13 09:56:12,mafra,SC,,,,,,,On Time,1.0
79563470c891926bb9507d1ad1ff661d,7f2293fcdddb291f4e23e0f5d94bc2b6,unavailable,2017-07-05 13:51:35,volta redonda,RJ,,,,,,,On Time,5.0
9be3c9722389548409bf4cb39d07e347,97de814c468893e08c96ec1575ff80f1,unavailable,2017-11-17 13:12:46,ituverava,SP,,,,,,,On Time,1.0
85e05c3c9aa9834518f35d4f286014be,0e9bafe047d5c6fe3fd8ef6bcdce9a1a,canceled,2018-08-28 08:18:22,sobral,CE,,,,,,,On Time,1.0
c1049eef89915c6beb3604bf3d6588d7,30656f1a6f4ef8d3286f02090232d105,canceled,2018-02-05 23:08:11,rio de janeiro,RJ,215.0,21.0,ddceb6eef6af67e9fbbd4c148dbe5fd9,cool_stuff,cool_stuff,,On Time,
168823ad1b77477540db78ab357f18b5,c47ec91fad63554dd8fe3e33188faf7d,canceled,2018-07-17 11:16:54,juiz de fora,MG,489.0,21.52,2dfda1ff7f02fb76576e5961ddd85e38,perfumaria,perfumery,,On Time,1.0
885935156ba43094f3ae95f3c14e0381,f72d1ee92d55688d07ca88506300715e,canceled,2018-02-02 16:06:44,rio de janeiro,RJ,26.18,16.6,32e18e89237933ebdaaebd78a27e7fa1,utilidades_domesticas,housewares,,On Time,1.0
38a86eb53c2309d6234fc9bad96331ac,b351ac91ab0ef29bae6da7fbc05959c0,canceled,2018-08-18 12:39:31,curitiba,PR,,,,,,,On Time,1.0
c504f1f5fd54cc8398d57dc0da49de01,d8b67ce6d6c062269add92dd22e8cc94,canceled,2017-07-09 09:18:56,salvador,BA,49.9,19.59,bf7727705a701b9c135cb00df5a2dc5d,cama_mesa_banho,bed_bath_table,,On Time,2.0
c5a468ae781ffb0ec6d36ae89fe512b0,58aa424ba24df5dc745e1a3941abc5a3,canceled,2017-01-13 11:06:56,itaquaquecetuba,SP,,,,,,,On Time,5.0
05e8a1fd3d354369a3de6e7230a3651f,3281635afcc7bd82aca4782e4f0fba8d,unavailable,2018-02-16 16:54:07,contagem,MG,,,,,,,On Time,1.0
2dd5bcfb8c66b22a80ffe45078eb2a99,04c5ad73047074972e9a1c744c3b4bf8,unavailable,2017-03-06 21:31:42,corumba,MS,,,,,,,On Time,1.0
d1b4fc9a8c1207433519a8ec52e2d03f,1450a7cb6ba0bc92100a9a4a8a2f38e7,canceled,2018-05-08 10:05:26,sao paulo,SP,,,,,,,On Time,1.0
bcdad86f44c780bf1aaf24b66dd97753,574241537a24a10ba4219b4a7c308b4e,canceled,2018-08-05 03:49:18,medianeira,PR,123.51,18.97,38c7e0727a11964ebc52a23bead7d4f5,automotivo,auto,,On Time,1.0
9d4e334ddde795cd4fbee24dc4b68cfe,81acf66173bb80d6988f3aa37d56176b,unavailable,2017-11-27 16:03:51,sao paulo,SP,,,,,,,On Time,1.0
f63be24880200ae32aa24f5b458a3dc3,ec6969699229c33bcb31059d4184049f,unavailable,2017-01-27 13:39:53,duque de caxias,RJ,,,,,,,On Time,2.0
2bb02fdf5637a68cd5d13c78c37c3376,5562519ab10ca3a2bcafca081618d2ea,canceled,2018-08-09 10:55:10,divinopolis,MG,,,,,,,On Time,2.0
b842e9225252d13f6af62ff4508d7c43,f49c983a47d5abc316b7c44c9e979021,unavailable,2017-08-02 22:17:16,sao paulo,SP,,,,,,,On Time,3.0
f2a335c81aebf64a9a4309436e7af4a8,331a638bfc01a1382d0ecb0079d8807f,unavailable,2017-06-05 17:16:12,contagem,MG,,,,,,,On Time,1.0
5b4858f2dcf69731f2285a38829bfa7c,b4ee22e08cdaeab0b8e6bf2e67d7c19b,canceled,2018-02-15 20:53:17,una,BA,50.9,17.93,e86ea175305909ddc0ba25650b2cc7be,malas_acessorios,luggage_accessories,,On Time,1.0
5b0ee19a3125fc083348baa76d816ed0,381a91201a6359179846a3e9742fe9be,canceled,2018-03-05 13:56:34,maringa,PR,81.0,9.98,656e0eca68dcecf6a31b8ececfabe3e8,informatica_acessorios,computers_accessories,,On Time,1.0
12e1495369c542f003eb3ca480f924e3,15e47dec7a5ce59f8e200a6917679511,canceled,2017-09-12 19:17:03,santo andre,SP,129.99,9.72,a08ffa6ecdd0ab3c1f4fe348acc2553b,Unknown,,,On Time,1.0
50428fc6ef58fd5cebf433ef7f06be0d,5df965670962764c4bb2dbd1ef8019a3,unavailable,2017-12-04 23:10:03,orlandia,SP,,,,,,,On Time,1.0
8a20e2954602a0738f264299255fd5af,2185937c8c6a63a563c1c02e287274ce,unavailable,2017-12-27 22:41:49,sao paulo,SP,,,,,,,On Time,2.0
03a8aa5d0860898d421c46247011c686,c20faf88190ac7185d11a3f454df0b62,canceled,2017-05-31 19:02:28,lorena,SP,314.99,18.91,79ea753b9ec382b3bf6b03d449ac9b3b,automotivo,auto,,On Time,1.0
2de47e473306065fb0cd0322d8d9952b,3174c4e21145aed6e4fe22a8f8634763,unavailable,2017-10-25 13:15:01,araxa,MG,,,,,,,On Time,1.0
3a0b1b5c52367a68f9deab55f3464a14,a54a1749bd03dfe0d3642b7fbd888b47,unavailable,2018-03-19 16:22:05,sao lourenco do oeste,SC,,,,,,,On Time,5.0
6f04a69509e62866b1837e6a4f22c47f,27cf034c3054f1de4937e85c5b5229cf,unavailable,2017-06-12 12:04:09,balneario picarras,SC,,,,,,,On Time,3.0
5226f1a731e8a1215da5e1bea64e2130,046ed33aa8bef51855af6010a11a835c,canceled,2016-10-10 09:51:13,duque de caxias,RJ,,,,,,,On Time,1.0
2b3d870a4d670c91f15668cea4fe3aa5,421b4a08b9e9d1c127f27789a4c1abb3,unavailable,2018-01-15 14:32:42,sao paulo,SP,,,,,,,On Time,1.0
9380c59012c11f49c549ef8dffef1367,7e222c2054b16d50c5c2e746d14dc313,canceled,2018-08-15 11:05:44,porto alegre,RS,,,,,,,On Time,1.0
d9091cd1d6e36cfcebc8b01aab81eff8,3ab9d2d1f9863816fe06dd9a78687cf0,unavailable,2018-01-04 11:30:24,sao paulo,SP,,,,,,,On Time,2.0
9b932dca249f9971b86dde2f2d7ad412,639b4096a4e5c96549a9bb495ca4871e,unavailable,2017-11-20 17:08:43,itapira,SP,,,,,,,On Time,1.0
c24b8b41e6857d59a27f2b150bb669d9,e579984b1fa040b79e91c2812c918b3c,unavailable,2018-03-14 08:45:03,rio pardo,RS,,,,,,,On Time,1.0
35dc5c3a87f9e9cf93676b98d4bc35a2,496048de8070b6f462aab213d0f54750,unavailable,2017-02-14 14:26:02,belo horizonte,MG,,,,,,,On Time,2.0
bef875448d5a4f703555d2dd5f8382b5,71ba8ba1fca338623659e60a7a364d0e,canceled,2018-01-23 09:48:56,itaborai,RJ,139.9,19.22,d0b37eae654ad7f4cc8d29d7bab39431,moveis_decoracao,furniture_decor,,On Time,
30cdf125a8d4f89d00dee4b9af9194ee,e1efd5b5683b645d0a8fc95ffe145781,unavailable,2017-12-08 15:34:33,sao goncalo do sapucai,MG,,,,,,,On Time,1.0
4317fe882d992cda2fb3d51baeb2751c,a8c76e74260deff03fc0ca524a83d121,unavailable,2017-10-07 11:51:46,porto alegre,RS,,,,,,,On Time,1.0
013e9c654a339d80b53513da3c1ea437,05a3b50193563913613acada5c86b1d2,canceled,2017-06-18 13:48:48,arandu,SP,109.9,13.11,bcac2cdcd851929a5caa3e1508d5abc9,utilidades_domesticas,housewares,,On Time,1.0
0bde826daa0bd10393e958cf5d69dd26,9930a089a21d7d6754347faf03001f6f,unavailable,2017-02-04 10:28:25,tambau,SP,,,,,,,On Time,4.0
672ab3776d5b25e586521469609ae774,99e1c1df6a737fea3658ca705b8f374d,canceled,2017-05-10 11:52:51,sao carlos,SP,,,,,,,On Time,4.0
676e40056867189a1b3599f3e646f421,0e627c648d467c22ca73b5e9c4040167,canceled,2017-04-07 21:12:31,sao paulo,SP,25.18,15.56,30a6a74ad9391b95bfc088f875ce8cfc,esporte_lazer,sports_leisure,,On Time,1.0
676e40056867189a1b3599f3e646f421,0e627c648d467c22ca73b5e9c4040167,canceled,2017-04-07 21:12:31,sao paulo,SP,25.18,15.56,30a6a74ad9391b95bfc088f875ce8cfc,esporte_lazer,sports_leisure,,On Time,1.0
61792c6272346d7f4b7c5b1747df7b1a,75bf2fd30af0de267a66a0e6be8c1213,canceled,2017-03-08 11:51:41,sao luis,MA,24.99,24.35,2ec4063419591b373f7990da94fb2c6c,telefonia,telephony,,On Time,5.0
94bde44a48f191d7175f67eb93b9ed67,ca2b1ce533e64c360a093814c9726b35,canceled,2017-02-01 17:31:17,brasilia,DF,119.99,17.84,bf128711128b70eaa9e07df69e9a75e2,telefonia,telephony,,On Time,1.0
3438960569bf3e42fa63f8e7bab0ac03,48aa83248476ac4d2b058596436b7680,unavailable,2018-08-02 15:28:32,sorocaba,SP,,,,,,,On Time,1.0
7142b298b22a79a285d2ce792dc533a2,bbbbd222deaa7124dfb1b5314ca975a3,canceled,2017-02-10 00:58:01,vitoria,ES,565.7,55.51,a97c27ea59cd231856af01eceb977ac9,utilidades_domesticas,housewares,,On Time,5.0
12e5a909c18964acada1ce9a760d9afe,72994e988788873a1df6dad43d38a2bd,unavailable,2017-03-23 23:41:40,sao paulo,SP,,,,,,,On Time,1.0
5687ad45d33870c742b2cdacaf758353,373f04d122fdc622aa00598a81e2ac1a,canceled,2018-05-21 22:53:49,sao paulo,SP,57.99,11.15,1b43b0a6105ffaa6dae01356daec2657,beleza_saude,health_beauty,,On Time,1.0
ad0f5b61c49281e7ccac5a986968f347,e50756a1f601b707158af7993609f51e,unavailable,2018-07-24 09:26:34,caieiras,SP,,,,,,,On Time,1.0
dabf2b0e35b423f94618bf965fcb7514,2f96790fba243100730c8d1185dd2f25,canceled,2016-10-09 00:56:52,sao paulo,SP,59.9,0.48,473795a355d29305c3ea6b156833adf5,perfumaria,perfumery,7.0,On Time,5.0
dabf2b0e35b423f94618bf965fcb7514,2f96790fba243100730c8d1185dd2f25,canceled,2016-10-09 00:56:52,sao paulo,SP,49.9,29.94,7cd29da0653abeb444703cc5a957f479,beleza_saude,health_beauty,7.0,On Time,5.0
127f8f54e84665683a3c9bde5b3e768c,e9c56ddc2dd0c972b0fdc7752457f413,unavailable,2018-02-08 18:26:32,sao paulo,SP,,,,,,,On Time,1.0
d200a7526c6d29e8c2742a0bff8cff14,676dba30d784260b87b27020532a4627,unavailable,2017-05-04 15:19:42,santo antonio de padua,RJ,,,,,,,On Time,1.0
31c6c41e2949f1a20c6f8e60ac17d4fe,ab14aff32b9c7c55378170003a076665,unavailable,2017-03-21 23:15:29,sao paulo,SP,,,,,,,On Time,1.0
648637c544f762334d4ce9bbe88ebe21,5ef3d73ff5f2017d60ad9e87633f7143,unavailable,2017-11-09 22:40:17,maua,SP,,,,,,,On Time,1.0
36f66ebfbd144aa6fb39338bd87b0bf9,b440e4b2919c01d29cebadaf09ef7272,canceled,2018-02-26 00:11:02,sao paulo,SP,47.9,15.11,574498be1ecac5af243037bfcc6f8b22,cama_mesa_banho,bed_bath_table,,On Time,5.0
7106ae47c0242d76f336f5430d3ae0fc,60cb71ede06779aa7fcaa2a8baceb190,canceled,2017-12-13 12:55:38,sao paulo,SP,119.9,9.03,0f24b7516c5b67c9c686848db9759d88,brinquedos,toys,,On Time,1.0
7106ae47c0242d76f336f5430d3ae0fc,60cb71ede06779aa7fcaa2a8baceb190,canceled,2017-12-13 12:55:38,sao paulo,SP,119.9,9.03,0f24b7516c5b67c9c686848db9759d88,brinquedos,toys,,On Time,1.0
8347204e1ae41b2ad30899fa41a0a889,401534231b445c25538b4e02e2a3e077,unavailable,2017-03-03 23:49:03,contagem,MG,,,,,,,On Time,1.0
374bd3371c572eff1218edb0eb68cb96,8e77009e76077defe91bbb0c1be6f453,canceled,2018-02-14 03:35:04,campos do jordao,SP,71.9,12.0,aa64b8510e8eb844b96bd10d3ac356bd,brinquedos,toys,,On Time,1.0
709e43f97cb2a47fa749503419163710,8094028cc1d2fb8265b6ce3c2a9b81ad,canceled,2017-04-26 21:43:55,guanambi,BA,399.76,33.83,aecd0c211a5e24ca163d35e5087189ed,esporte_lazer,sports_leisure,,On Time,2.0
b54861ba91f988d9f961bdcd1a9a2026,35390761485524663d8051cd7410c295,canceled,2018-05-14 19:05:40,barueri,SP,139.99,36.84,83b00325c13c44245b2c3a2befa62a0e,bebes,baby,,On Time,1.0
87ae60ef8b08ae0e5f903cacb53a6904,09687a7b7431a93b5c53b50ba779bf94,canceled,2018-09-11 16:45:54,taubate,SP,,,,,,,On Time,1.0
27f3ee911b46e671b6393093afebc222,d7dfa463bb9641c9fb02d922f005f424,canceled,2017-04-23 12:01:53,sao paulo,SP,9.9,14.52,474f9f34cfa52ad18fde4836b84a3e80,moveis_decoracao,furniture_decor,,On Time,1.0
809a282bbd5dbcabb6f2f724fca862ec,009b0127b727ab0ba422f6d9604487c7,canceled,2016-09-13 15:24:19,sao jose dos campos,SP,,,,,,,On Time,1.0
6178d892fe5eef77fb756aed59b758bd,cdc8a55939d542adcdcf766ce064a40a,unavailable,2018-01-15 14:08:28,olimpia,SP,,,,,,,On Time,1.0
feae5ecdf2cc16c1007741be785fe3cd,7bc4575824e6804ddbe418bf4ad08079,unavailable,2017-11-11 16:41:06,embu das artes,SP,,,,,,,On Time,1.0
651a89e11653d8df43a624a903fe0f5e,4fb1141f38a3efb845a83e3da0cf5278,canceled,2017-06-06 20:31:46,jacarei,SP,,,,,,,On Time,5.0
996316cf1b7d0bf4a95a9b5f81d7f22a,50d77896b3878a9acf2021fe6a79ebbb,unavailable,2017-09-25 21:50:25,porto alegre,RS,,,,,,,On Time,1.0
e744792a1abc89d92d36e086697eaf97,48b3e837aaaef45f7240180c09147441,unavailable,2017-03-06 21:28:55,canela,RS,,,,,,,On Time,1.0
947e9c6bfd83a06953c420ef92d3da6e,a2ac4c64994786e12db70e1782d2bfef,canceled,2018-08-15 15:13:32,sao paulo,SP,,,,,,,On Time,4.0
fa4c59a94711decb9c0410a0e7f878bc,54ba613d4129ba5a15d92d1491b098cb,canceled,2018-07-31 21:45:27,sao paulo,SP,19.2,13.47,2563ea200bfce603cc25aebc666fcbf2,moveis_decoracao,furniture_decor,,On Time,1.0
891e419a9019fb81b67212a708cb5f83,43956f989bf5238c0aa2b8286046c2f2,canceled,2017-07-07 12:15:50,dumont,SP,425.0,17.72,03b10f5e3ef07cfc27a025adca3fd0be,esporte_lazer,sports_leisure,,On Time,1.0
4ffaf2cdcc432ea3cd8ae0ab7a789cb0,edcec7c16ca31ea80d60b1abc725d01d,unavailable,2018-01-30 10:25:41,sao paulo,SP,,,,,,,On Time,5.0
3e170726582244699b156f1c7044223a,718028dee40c5253ab23fad0a46a9eb0,canceled,2017-11-06 15:47:20,monte carmelo,MG,399.99,15.82,0c6b9534cc890c423ef8c3dc34517df5,informatica_acessorios,computers_accessories,,On Time,1.0
04770bff63a120fbf0eea1f62b84f8f0,4b898a8853cf3a669bdf36c39847d89a,unavailable,2017-02-01 21:07:12,belo horizonte,MG,,,,,,,On Time,1.0
18987e54897a1baddde716aa4a01639c,b1c23dfd25f3f78d473cb5070d05bac1,canceled,2017-03-14 09:27:08,sao paulo,SP,114.5,12.19,fa2de9e6a52f697fbd74ddbc2c15b16c,construcao_ferramentas_construcao,construction_tools_construction,,On Time,1.0
a91fed0c79559403d648c1161a2d8500,8558e1d710b0fb1c369c5b035bdc1b3e,unavailable,2017-10-30 11:46:41,sao paulo,SP,,,,,,,On Time,1.0
97b22dcad89f4916db427544e655d1b2,4fa93a79d18bde53d24a18e313fd22a7,unavailable,2017-05-15 10:57:13,sao paulo,SP,,,,,,,On Time,1.0
0e6dbbc7484dc1ee0392c9ca801035c2,8ffa5e9fcc3da23113128e94d1c75706,canceled,2018-03-01 22:40:51,visconde do rio branco,MG,,,,,,,On Time,3.0
d7a2d4a7a03831ac687a53e339593570,10f03869172dce4edc87f134476b54e7,unavailable,2017-03-03 18:15:37,rio de janeiro,RJ,,,,,,,On Time,1.0
629a524cbbd0a42a04f87ad39648d4ca,b5b985a49b13ddfe43dc657134e7ff94,unavailable,2018-07-12 20:26:19,sao bernardo do campo,SP,,,,,,,On Time,1.0
bac8ca7a0aea7f37457fb19140d2c5fb,85cada3b782b0eead7fc927f66128480,unavailable,2018-01-04 11:42:53,rio de janeiro,RJ,,,,,,,On Time,1.0
68664ce4c84bcf1e6682d90992c7504d,bc2327338c12e6b64702041b15db9d33,unavailable,2018-03-01 09:33:06,salvador,BA,,,,,,,On Time,3.0
b89c3dccabd368d8a4b6778c1094df6b,a88ddb886ec892589db987f01cf9b747,canceled,2017-03-20 14:44:16,brasilia,DF,90.5,15.93,e717e613d0bde7828d469455c8058172,esporte_lazer,sports_leisure,,On Time,3.0
acfa87544c19d596707d25cf2f7dab61,e50ea15dcac31a9d71774941d06ca5da,canceled,2018-08-17 00:55:54,sao paulo,SP,47.49,7.59,9b393d3360316521a943267765a47fbf,beleza_saude,health_beauty,,On Time,1.0
ecb1a8e8b5c6316fe7891f7b556fee28,ccbcd41f7a50ba6d88de23f8b3c5fa2e,unavailable,2017-02-07 00:18:03,sao paulo,SP,,,,,,,On Time,1.0
3859aef969659dcc5439967f8ffbbc07,7ad7f6b3f1e1b843fc5b9a5713ac895a,unavailable,2017-07-12 08:13:51,volta redonda,RJ,,,,,,,On Time,1.0
92acd9b1e9af0117eee9aa972e0a4841,0e2dd49a0c6db3c423b88bf67ab7985b,unavailable,2017-11-22 20:57:12,vespasiano,MG,,,,,,,On Time,1.0
7533138abe254f5d3856101e4a21e5f2,892359f4ba99a24f1addac26ba108a90,unavailable,2017-11-17 19:42:36,santos,SP,,,,,,,On Time,1.0
dc0c4c970ae6b97b389d2e44a500f931,d7b48fa632113889fa15900fcd9d20bd,canceled,2018-05-05 15:04:54,sao paulo,SP,39.9,7.39,ba71302e3a8b2129024487a3e54bc2fa,Unknown,,,On Time,1.0
ab2e482aff4baa52ec6da817af85b981,3bfe747d54d23c0adbaec9387ad312a7,canceled,2018-06-26 11:43:42,campinas,SP,84.89,8.33,3f14d740544f37ece8a9e7bc8349797e,informatica_acessorios,computers_accessories,,On Time,1.0
ab2e482aff4baa52ec6da817af85b981,3bfe747d54d23c0adbaec9387ad312a7,canceled,2018-06-26 11:43:42,campinas,SP,84.89,8.33,3f14d740544f37ece8a9e7bc8349797e,informatica_acessorios,computers_accessories,,On Time,1.0
b3f1a526de73a85b4e83ac77cd483a05,eebf1208a40cdce2b3bcf5da4deda37d,canceled,2018-07-02 22:04:07,contagem,MG,219.0,14.87,e3db46616e0d26551a86377bab9b0308,perfumaria,perfumery,,On Time,1.0
607cf95d7f8a8c1590f421fecdf0d95c,b675d7071b55c36aa1ad1d95c547ca3d,unavailable,2017-11-15 18:34:26,fraiburgo,SC,,,,,,,On Time,1.0
c87de2d1aece481642a24bae4b964b07,244024d753ef305e66b7ef97f3813ebd,canceled,2017-04-24 09:51:21,porto alegre,RS,309.0,15.92,8397dc503d1a0c2ac7422701884de5a6,ferramentas_jardim,garden_tools,,On Time,1.0
c87de2d1aece481642a24bae4b964b07,244024d753ef305e66b7ef97f3813ebd,canceled,2017-04-24 09:51:21,porto alegre,RS,309.0,15.92,8397dc503d1a0c2ac7422701884de5a6,ferramentas_jardim,garden_tools,,On Time,1.0
c87de2d1aece481642a24bae4b964b07,244024d753ef305e66b7ef97f3813ebd,canceled,2017-04-24 09:51:21,porto alegre,RS,309.0,15.92,8397dc503d1a0c2ac7422701884de5a6,ferramentas_jardim,garden_tools,,On Time,1.0
c87de2d1aece481642a24bae4b964b07,244024d753ef305e66b7ef97f3813ebd,canceled,2017-04-24 09:51:21,porto alegre,RS,309.0,15.92,8397dc503d1a0c2ac7422701884de5a6,ferramentas_jardim,garden_tools,,On Time,1.0
c87de2d1aece481642a24bae4b964b07,244024d753ef305e66b7ef97f3813ebd,canceled,2017-04-24 09:51:21,porto alegre,RS,309.0,15.92,8397dc503d1a0c2ac7422701884de5a6,ferramentas_jardim,garden_tools,,On Time,1.0
c87de2d1aece481642a24bae4b964b07,244024d753ef305e66b7ef97f3813ebd,canceled,2017-04-24 09:51:21,porto alegre,RS,309.0,15.92,8397dc503d1a0c2ac7422701884de5a6,ferramentas_jardim,garden_tools,,On Time,1.0
45daa18f4e3e34c727128f6a775fff95,964cc0393ea3aa2f82125b71c14dbaf9,unavailable,2018-01-07 13:49:11,pirapetinga,MG,,,,,,,On Time,1.0
6338011716bfe53b960847be47479662,698e6df3af8163cec0d3c134055e1fda,unavailable,2017-11-16 12:28:25,mogi-guacu,SP,,,,,,,On Time,3.0
90e258ad907d8401c4f1107ea9e55f1b,cbd2fdeb27b04ebb48ea691a7cfd4023,unavailable,2017-09-25 16:03:27,palmas,TO,,,,,,,On Time,3.0
4ffd41fadb59bd398d869be78f1b2be3,7c6fc58a573a35da82e23588f6c0b42b,unavailable,2018-03-26 09:37:59,sao paulo,SP,,,,,,,On Time,1.0
62492d216bd7ca39cab1f24109b6bfd7,a48b10541da559f610aa549f4eb59538,unavailable,2017-11-05 08:26:50,belo horizonte,MG,,,,,,,On Time,1.0
2636a02ee7de9590df86a4c24b739c49,aadb3c9ba93f015a634f0af9a4a6292f,unavailable,2017-06-29 09:10:37,sao gabriel da palha,ES,,,,,,,On Time,1.0
186d3cd768be1890d832106f914ba37c,1ae74ce9e72b6d6ea7ac1d017ef32847,canceled,2017-06-09 10:16:21,betim,MG,,,,,,,On Time,5.0
8603de8fb5551ed7faf81d2a31b8bf0e,442bdd695caba6183fc44d6cfdd4f094,unavailable,2017-06-11 17:40:22,sao paulo,SP,,,,,,,On Time,1.0
a6f980db92567852107fe54fa64726f2,fc9170d271849ae24c1a0a70c4824b61,unavailable,2017-10-28 10:33:24,vitoria da conquista,BA,,,,,,,On Time,1.0
d93ef0caa7a160caec60b4d6833415a6,16e0c92fa133c05b8044b31a29c22e63,canceled,2018-06-25 16:20:24,belo horizonte,MG,45.0,23.31,98ae511715bfce7d97ef0ff1859ad05f,esporte_lazer,sports_leisure,,On Time,1.0
d93ef0caa7a160caec60b4d6833415a6,16e0c92fa133c05b8044b31a29c22e63,canceled,2018-06-25 16:20:24,belo horizonte,MG,45.0,23.31,98ae511715bfce7d97ef0ff1859ad05f,esporte_lazer,sports_leisure,,On Time,1.0
208edba34ba9cf8d8f603672e1966b75,46374b8a397978c30de28705c098a9d4,unavailable,2017-05-08 17:41:44,rio grande,RS,,,,,,,On Time,1.0
c038b4c610ae79ae8e3d191f7293fbae,f869da1366f36001d8408336a00a5765,unavailable,2017-02-01 13:56:13,tiete,SP,,,,,,,On Time,1.0
46010c67bec146f0c9db27f42149c5d2,54c7188c8d28bfcbb61c9bff1f713097,canceled,2017-05-30 11:43:14,pedro de toledo,SP,99.89,19.94,4e713bc697d239a8d8e01cb5209cd89b,utilidades_domesticas,housewares,,On Time,1.0
3388fa275fc1b344e275af704e8d3156,4bacd0426f63fae437e148380f9758cb,canceled,2017-12-11 09:25:26,sao paulo,SP,285.0,58.9,57a2e16f66595e9242fd508a9f336125,ferramentas_jardim,garden_tools,,On Time,1.0
d1f4276166cee5a37d01beb15e2426fc,e98bdc1c38e484a648ab98880a509aa6,canceled,2018-02-26 06:37:45,sao paulo,SP,15.9,8.72,8995980bf35c9c32cc8c7cadc025ad64,eletronicos,electronics,,On Time,2.0
230cb5ffb43a10662e4b64e7d02cd171,c96a56896b543daee325030b2752eafc,canceled,2018-07-31 14:24:39,artur nogueira,SP,39.99,20.72,20d5583ac76a88720b002f353afec2d0,utilidades_domesticas,housewares,,On Time,1.0
230cb5ffb43a10662e4b64e7d02cd171,c96a56896b543daee325030b2752eafc,canceled,2018-07-31 14:24:39,artur nogueira,SP,39.99,20.72,20d5583ac76a88720b002f353afec2d0,utilidades_domesticas,housewares,,On Time,1.0
294b367987f073eb316ecef17f1078a0,0e4348d43e951a56ecb1847d9e60581c,unavailable,2017-09-22 10:00:20,palhoca,SC,,,,,,,On Time,1.0
735ad119a24ea4a9d6fbfcd9f296920a,0cbfd6fe37a4c1c3248861ece0263dcc,canceled,2017-07-24 11:38:43,sao paulo,SP,750.0,33.62,70c8514ff2a8f44c4339c9d4e17c21e9,instrumentos_musicais,musical_instruments,,On Time,5.0
ebcb685bc1704615fc22e5a0b73f2dc7,9a5f4a671f4a0f580f0631021befd2f1,unavailable,2017-05-24 19:10:03,sao paulo,SP,,,,,,,On Time,3.0
efc7c29e1816bb3d30c1e8c207bf87ca,73ae4f70ede92dc7822f5c1253bc8906,canceled,2017-06-23 01:15:59,caraguatatuba,SP,259.0,16.56,77f896a49e4b52c7886411acf219f98f,relogios_presentes,watches_gifts,,On Time,1.0
d2feb2f430d7d97b41873672953fe944,63886f940a92212edba1ced79bd6b0e5,canceled,2017-08-16 16:15:31,sao paulo,SP,79.9,7.81,a298a105818dce6878b787e4af6cff7d,bebes,baby,,On Time,1.0
749309f96df588c96621963117e9530f,b72d743326f19757ead0ea5dc29ffda5,canceled,2018-08-14 17:57:15,sao paulo,SP,59.99,11.44,d113b2e0de22329a327c5f133ec15914,utilidades_domesticas,housewares,,On Time,1.0
9566b36fbba7756a79b5d2cba4e058d9,6d0e13048784385ccb8e360e1567f82e,unavailable,2017-07-10 16:47:00,campinas,SP,,,,,,,On Time,1.0
498081e5523106ea57b698fb881fb1c8,eebfe57d9a10601a67fb9a1c351f90ed,unavailable,2017-05-16 17:26:24,campinas,SP,,,,,,,On Time,1.0
2e9d8db9e132a9b5e1236618b7e8ef4a,a036e6c348830e037eb23a014fa24d45,canceled,2018-08-09 18:42:38,belem,PA,,,,,,,On Time,1.0
5d790fe3637a350e66c1f7f6d91f4c4e,842ad135d6bf78e814d79337d77794f2,canceled,2017-07-03 09:43:13,barrinha,SP,20.9,11.85,99867d4e33798b303108f7eeb2f91b41,perfumaria,perfumery,,On Time,3.0
5d790fe3637a350e66c1f7f6d91f4c4e,842ad135d6bf78e814d79337d77794f2,canceled,2017-07-03 09:43:13,barrinha,SP,20.9,11.85,99867d4e33798b303108f7eeb2f91b41,perfumaria,perfumery,,On Time,3.0
5d9e1e0e7084f2f9e90a7069e64cba61,cda31ad527f32bfe5d75029c8aa9c0bd,canceled,2017-11-05 13:58:19,mogi das cruzes,SP,,,,,,,On Time,5.0
2c44ef48e157c9a43e9998da9a3248bd,37a7a61acf8d952ac11e756c8ff1ba4e,unavailable,2017-07-17 15:43:37,cacoal,RO,,,,,,,On Time,1.0
0e64b89242bbb62b8ea29c57fc8073fb,2da54b98229287d62e9416b22c7c701d,unavailable,2017-11-23 10:53:08,campinas,SP,,,,,,,On Time,1.0
2cfc79d9582e9135c0a9b61fa60e6b21,0058f300f57d7b93c477a131a59b36c3,canceled,2018-02-19 17:11:34,salvador,BA,59.9,19.66,6bd248f93425ceeb625a8a97e2404112,papelaria,stationery,,On Time,1.0
ad15ae08ead6006cdba6fb5f19b055c8,a29ba61637aca308197ba043c7ccb95d,canceled,2017-10-14 10:36:31,sao paulo,SP,37.87,16.11,44062317bd4d9fe1392633939a1dcd6b,moveis_decoracao,furniture_decor,,On Time,3.0
ba0f1e99132c6f69e4622597e9853599,b525df1095f360e960ac9f55ac921cd9,canceled,2018-01-24 14:16:15,araxa,MG,89.79,15.38,656e0eca68dcecf6a31b8ececfabe3e8,informatica_acessorios,computers_accessories,,On Time,1.0
5abf37ab57e23f69a9c8ab98c4800273,6472bdcbf7c12cef720eb284dbb68048,canceled,2018-01-28 00:25:15,rio de janeiro,RJ,158.9,15.87,7ca498260c343bafc4596d101ec12490,papelaria,stationery,,On Time,
2701d162dabcb83a27f19ae30e8fea47,43b7231618d64561df2c15a78fd41dec,canceled,2017-03-12 21:28:55,jaboatao dos guararapes,PE,115.99,25.3,4f969a12cc8cb60a5cce67cc3fc305cd,automotivo,auto,,On Time,1.0
263f5778d1130e9c186958780172a107,c6be127fa6e30c6f705a205236a1f310,canceled,2017-10-12 08:39:30,itu,SP,19.9,25.63,0350ac874c8937571b129554110ec3b6,dvds_blu_ray,dvds_blu_ray,,On Time,1.0
66b7aa4a53c5c138ffe0aa7ac74dbea1,a891c118adb7698d20d44612ec045a38,canceled,2017-10-26 21:33:43,francisco morato,SP,721.35,18.07,dc2bd3d07579e7f3b185c7118e33c33e,informatica_acessorios,computers_accessories,,On Time,1.0
4b90912a086907b087947c385e8d13b1,95f2b2cbceea5975a3f2327282408348,canceled,2018-08-01 16:39:52,sao paulo,SP,99.9,10.01,c7b99e577e7d7948c7fab1d7c1326d22,construcao_ferramentas_seguranca,construction_tools_safety,,On Time,1.0
697705c05da5ef945de721dd31bf23c6,ffa0ba4c9a6a0763879efe7c2b8d5b93,canceled,2017-02-03 11:31:48,sao paulo,SP,12.0,14.12,4396a21dbcffe535748c5df0f544b5de,cama_mesa_banho,bed_bath_table,,On Time,1.0
0605918e96aec0f42a10810d92b5e864,4c56975eb8d4dd3989e2ae19903ef4d1,canceled,2017-02-22 10:45:45,macae,RJ,32.76,14.72,90973fe7cdce864c5345cb2eebdfa666,utilidades_domesticas,housewares,,On Time,1.0
8caf289ab5d7e3ec7b4522aa22dabbec,5dd7c998ea73207f1e1f8b04866c3f83,canceled,2018-02-14 10:37:17,sao paulo,SP,49.99,14.1,e50d5ff1ca7c56933a6f35de967fd2e1,bebes,baby,,On Time,4.0
e2a5a9157ae607d38cdb1593f74c0686,88713cb3f8b6c29c4984f303b460f4a7,unavailable,2017-11-24 13:40:14,piracicaba,SP,,,,,,,On Time,1.0
8ad27f298f11ab1248784468b3fa24e0,54dcd10897e9d1cbb96e4eb8ed26749b,unavailable,2018-05-07 15:27:22,tres coracoes,MG,,,,,,,On Time,1.0
04b3135bf087618b410a00680576242f,6f59eba24fd00a27069b57c896d8899a,canceled,2018-07-29 19:58:34,piracicaba,SP,34.9,8.99,8fbd0b7f20c851cff57ffa74ebac3ec2,utilidades_domesticas,housewares,,On Time,1.0
03227bf7c543bbee4efa38bb6c6763c8,40ef2e9398b47d1a87a70ba2f4757fdf,unavailable,2017-09-08 17:57:39,jundiai,SP,,,,,,,On Time,3.0
2c8740f9df6d253c15dc035eba80ebed,a6b44587e9ee322a9dc6e8b6adb1a3be,canceled,2017-04-12 11:23:01,sao paulo,SP,139.99,47.68,188a7a06ef624d9549bad5dea5e84ea6,moveis_decoracao,furniture_decor,,On Time,1.0
252788350f9dad30b31847845fe119fe,85a682703424ab2ab05bfb24b2a582cd,canceled,2017-04-23 14:58:37,wenceslau guimaraes,BA,,,,,,,On Time,3.0
9a209e12ca9ee385ad1ce1510ecfd6fc,f364b8ad50a430d19aa09767925b8eda,unavailable,2018-05-12 16:03:28,sao paulo,SP,,,,,,,On Time,1.0
9a8fb2a3a77dab1c301506cd5af2e845,3c18e9badff13995d42b230ddee0dc10,unavailable,2017-07-26 08:37:07,guarulhos,SP,,,,,,,On Time,1.0
5837a2c844decae8a778657425f6d664,8d50f5eadf50201ccdcedfb9e2ac8455,unavailable,2017-07-17 22:11:13,sao paulo,SP,,,,,,,On Time,1.0
bd35b677fd239386e9861d11ae98ab56,ef0103e9602d12594d19c2b666219bc1,canceled,2018-09-17 17:21:16,belo horizonte,MG,,,,,,,On Time,2.0
b642a3e08bfd10119c9b7e948c936e93,cc22bf98f7334481f650e169e5950fdd,canceled,2017-02-03 01:03:44,campina da lagoa,PR,,,,,,,On Time,1.0
0cafd6a7576a6aae0f891008a87f1546,a176378c7ad0b4cb3561692f234cecca,unavailable,2017-01-20 10:31:53,belo horizonte,MG,,,,,,,On Time,1.0
00d0ffd14774da775ac832ba8520510f,89ed72fbc1310e515b1e8cea6b590782,canceled,2017-12-23 22:25:00,osasco,SP,,,,,,,On Time,5.0
2ddc0120a9ee5d965a08b68f6a3e2885,3b5e4e894889e646c0c90710b61f9c42,unavailable,2017-09-24 00:24:28,americana,SP,,,,,,,On Time,2.0
aeef968fdf13e92d3b80306d114ed681,ee3c2157761847b1ef3bd8965ae443f1,unavailable,2017-03-02 13:39:49,juquia,SP,,,,,,,On Time,1.0
3f191c1edeb80678998ec0c8683cefcc,6f217112396e52467e82b6a16c9262c5,canceled,2018-02-20 20:34:23,sumare,SP,31.9,14.1,e1a698b55be47318e6d178c57bf5370f,informatica_acessorios,computers_accessories,,On Time,1.0
084d2c70d33f8b9a1e21393471844591,d72736cd521d57c3f4881a71eb2885d7,unavailable,2017-05-16 21:56:29,rio claro,SP,,,,,,,On Time,1.0
60260cf275316912451558bb743bbfc7,a7309e1c247f7b464fd2d9fb8eb019e4,unavailable,2017-06-27 10:51:39,cunha,SP,,,,,,,On Time,1.0
93274b931b5771bd02154c9b716168ba,e766d6037aba1856e72cff53bc3f1115,canceled,2018-05-08 10:13:06,itabirito,MG,,,,,,,On Time,2.0
08ea65e91550ee222548404d16eb06b4,23c1bbf6a1c0866ff3dd6ce40f6785f5,unavailable,2017-11-14 23:59:15,florianopolis,SC,,,,,,,On Time,1.0
63802c52ced9ff923c962ecbf4b3a2a2,6cad2595071b142d5f90563f43558cc9,canceled,2017-12-03 11:32:32,sao paulo,SP,,,,,,,On Time,1.0
a0c1b0545665f839199e53177bc639f7,d7c46dd9b81066e7f37c294108188c8b,unavailable,2017-11-23 23:03:25,curitiba,PR,,,,,,,On Time,3.0
8c0ba0ee5bf1417ede40de0a3621f727,f598ccdf77c6728c42c32ce9f8ae0e20,unavailable,2017-09-29 13:23:03,barueri,SP,,,,,,,On Time,1.0
943625151a5d8d00da80e96a90930e03,595e4f5543fcf93e124729bc947ca896,canceled,2018-02-17 09:59:29,sao paulo,SP,41.29,9.34,f727147ccedba9da38dc2ab8b496a444,eletrodomesticos,home_appliances,,On Time,1.0
e7e4ea34d176d9efab560f0db16925fb,646c00b19d9f4cc67be0cd6f026ba3ce,unavailable,2017-11-30 06:57:07,sao paulo,SP,,,,,,,On Time,2.0
2ad4df0af7a71d632dccc0129bee3268,c2a5eec54c809c66e868cd63099ce3d5,canceled,2018-07-30 12:04:19,santo andre,SP,239.0,10.42,dbe520fb381ad695a7e1f2807d20c765,pc_gamer,,,On Time,1.0
151e44f3dd461fe0838b6f59f884749f,76c97e01b5a2a58b8456c4db49bd988b,unavailable,2018-02-22 16:06:11,soledade de minas,MG,,,,,,,On Time,2.5
4e27ad7f1a6821ceddc8442eb1875014,f58a61a7a24c4bddf8fa238ad645e3cd,canceled,2018-04-16 20:22:37,mogi das cruzes,SP,55.2,14.47,3e8f52cbce268fc54677be617e399ba2,informatica_acessorios,computers_accessories,,On Time,1.0
8c8527960c6b98fe66936cff2603d394,54975068b3fb2924fded7c27eb31b54f,unavailable,2017-07-03 09:12:25,rio de janeiro,RJ,,,,,,,On Time,1.0
7aa23447e2b8d82e2355605aeac705b4,63ebf3d11427af1cd9f0ea16e97d2e2e,canceled,2017-11-23 20:24:34,sao jose dos campos,SP,699.0,13.71,fbc4b7ed41d3f3152bbe55826d9fec73,relogios_presentes,watches_gifts,,On Time,1.0
64a58e424494f1f8ed5895885b9dfe16,85518e1fb0911ff3caee0ae2b93e8c89,unavailable,2017-10-23 13:19:27,guaruja,SP,,,,,,,On Time,1.0
0a472c47d928bf4cd8b6a7a30345eeb7,3158fc4f60ca92412de397461b64cee3,canceled,2018-08-30 10:14:00,sumare,SP,,,,,,,On Time,3.0
c0341f028a07cb3196e3bf4e850066bb,babf1b88651ebe1494f8fecd2ab1401c,canceled,2017-03-23 17:21:23,belo horizonte,MG,74.99,13.1,8c05118c323922e25502c7bc39d1978e,moveis_decoracao,furniture_decor,,On Time,1.0
569d43a54c364df5b367ab33e96eacf0,1af6a4167ec3bd3d41226dd8e0ec063e,unavailable,2017-10-31 08:50:06,sao bernardo do campo,SP,,,,,,,On Time,1.0
6d928ae5792f61a71bb3e3e528bf4a28,6541f7503fd63f0cd5c0181713eb5cd8,unavailable,2017-05-06 14:18:42,campo grande,MS,,,,,,,On Time,1.0
82b564e3b8efa4e060e5c950cb6fa9ad,a8b15e7be0a5b6e8bde7cff01a7b62f7,canceled,2018-07-15 10:32:58,guarulhos,SP,40.0,16.47,01886ce599b5837b3e1966cdafacd080,cama_mesa_banho,bed_bath_table,,On Time,2.0
95251874fe384d74df990ccb85bea4ab,d08b0f67a22f2d7865d6109e0cf9f3dd,unavailable,2017-07-05 13:55:19,ribeirao preto,SP,,,,,,,On Time,1.0
ccd4eb95e68cb64e666ddcb84f8dfb1e,4dcabe94c61f202327839a734955b0cf,canceled,2018-03-05 22:57:35,sao paulo,SP,,,,,,,On Time,4.0
6a30e349ceba14fcd64f13c3fd62aed3,429aa6a2cc43f9bdd7c7e82c2bdbc80c,unavailable,2018-03-10 01:56:16,taboao da serra,SP,,,,,,,On Time,1.0
f71952473c83952e23fb55146d59bfe2,1a8a707f7d05821b8e8f952a1aa23e5c,canceled,2018-03-10 16:44:52,sao paulo,SP,238.97,14.38,6371d60c329c7474f4190b077378660e,eletroportateis,small_appliances,,On Time,1.0
c47e4de55f6735f7ddc4c6026769d569,1d95e73c33e172b6e663767156b98efb,unavailable,2018-02-28 17:29:34,taboao da serra,SP,,,,,,,On Time,1.0
37e5806494067b6dcc269c80c272eab2,832b462bcebd7bb6ef758c5b6c8c8848,canceled,2018-03-08 16:11:34,sao paulo,SP,81.0,10.13,3948f284081821f4e27ba8c23d4cbc9a,brinquedos,toys,,On Time,2.0
37e5806494067b6dcc269c80c272eab2,832b462bcebd7bb6ef758c5b6c8c8848,canceled,2018-03-08 16:11:34,sao paulo,SP,81.0,10.13,3948f284081821f4e27ba8c23d4cbc9a,brinquedos,toys,,On Time,2.0
8abd0f2c3a61336c2ee97b2785175332,f9802d95fb5d7d95151b9d082b88ee9a,canceled,2018-04-19 13:18:07,sao paulo,SP,29.99,11.15,c3fb02b29695e526cd3988bdd55ba013,bebes,baby,,On Time,3.0
f0f94b7c7548150f33f5d9e7597d396f,82d30031771e168e3df9a1692a36f69b,unavailable,2018-05-25 19:17:35,diadema,SP,,,,,,,On Time,5.0
7e30f6ae5435d7c05b487f7b5e1d61ba,5e25434639298a46d7f9e08c54dfbdd9,canceled,2018-02-28 13:16:08,sao paulo,SP,29.99,7.78,419cb1b441eda9b92ebd1a1b96090c26,telefonia,telephony,,On Time,1.0
5754d3172f19f363edbaf03691b9f989,fae0c69e847078e8d0eb3fd6d2c7e781,canceled,2018-02-09 11:23:59,niteroi,RJ,26.0,15.79,a3d747c2548c3b67c81afe6b61645ebd,livros_interesse_geral,books_general_interest,,On Time,5.0
b4ec6d93789e37e779f86f3b7a9982e5,a6b16ce40addcd890ce0247ebd1edbe3,unavailable,2017-10-10 09:25:47,brasilia,DF,,,,,,,On Time,1.0
e928f5fbefb30f228db4678d9222b231,11cb11ff52cc1e191282a0a3c1e03aa3,canceled,2017-05-12 18:09:07,curitiba,PR,27.9,15.1,9cbe4a1fd4db99c14512e9b2ff033ec4,cama_mesa_banho,bed_bath_table,,On Time,4.0
752c0993c4993edea8eac33fda648244,ccc900f2c2b336c36342eeed64a0ca73,unavailable,2017-11-22 13:44:56,salto,SP,,,,,,,On Time,1.0
b7d469b7eb3c07c6d4b96d505c811fea,c1653f4d5fcfb808bee93bb3e1aa4744,canceled,2018-02-03 22:14:25,sao paulo,SP,22.99,8.72,e6fd80a00ebb1a3e0d58a38555fbbf2c,informatica_acessorios,computers_accessories,,On Time,2.0
23fdd0e16ad79ceab4e5f407772d64fa,5f55921b0fe67e51a904be6a9853e632,unavailable,2017-03-20 15:29:38,fortaleza,CE,,,,,,,On Time,1.0
f823e090c5fffc41f7a863aa7c66e34a,1f2bf1747024339d1244de142d1ed2e8,canceled,2017-12-04 17:00:18,rio de janeiro,RJ,799.99,14.61,9593c9f08aa51804674aae0eca66dd0d,cool_stuff,cool_stuff,,On Time,1.0
815c1f60c4896764d6d70b7fea63863b,304e5d37d53b332f4a8a1b3d599055bc,canceled,2017-11-21 13:55:08,sao paulo,SP,19.9,7.78,24bc22853c82023ea47f960c910aff6a,bebes,baby,,On Time,1.0
d8198b1933966d7baf7a7d758bdde142,9c22decc1087987926bd5eda3555afd8,unavailable,2017-08-09 13:34:56,santos,SP,,,,,,,On Time,2.0
ca9d82b594244464dddfac0959180268,3ae234753b7146b4b13c1d593beef4fa,unavailable,2017-08-09 12:26:30,sao paulo,SP,,,,,,,On Time,1.0
ce0a53468ddde09e79f73edba370ceec,8fe321ed17c18cda96d1010a06938f77,canceled,2018-02-08 16:39:22,vitoria da conquista,BA,65.0,16.89,8a5835aeef83efa6aa947f84f92deb0e,relogios_presentes,watches_gifts,,On Time,1.0
a84212c880e5635e2a0888ba25c027c7,fbedba1e3c0af3b2c628927cfe4fbd0b,unavailable,2018-05-11 15:25:59,sao paulo,SP,,,,,,,On Time,1.0
940018724d5c0c1847f642dc1d8d0ea2,58325ccf20e16880e76d2982d9a348b1,unavailable,2018-04-19 14:23:49,sao bernardo do campo,SP,,,,,,,On Time,2.0
2bc76dc101f9fa63d195e341cd11a649,656d4ae23fefb8f2a2d6601c0f8f989a,canceled,2018-02-22 17:09:58,sao paulo,SP,25.9,9.34,fe34a95208c5b3b69d91552aecf1bd71,beleza_saude,health_beauty,,On Time,1.0
e9f308c243d53135de5a481bf3a9cb86,aca551d9c63da497cc6652575e9aea57,unavailable,2018-02-10 11:14:30,sao paulo,SP,,,,,,,On Time,1.0
a0f2f8b0523207a13f02225bc812ed23,9dd72402ded5710a71a292483c61f849,canceled,2018-07-31 10:48:42,rio de janeiro,RJ,66.3,7.88,e97ee7673459375fac14fe9a01a64e6c,brinquedos,toys,,On Time,1.0
5f787bb3e0a01a4f347192157c036791,1c59342e76a300e2b2c41e239f50763a,canceled,2017-03-13 06:03:37,mage,RJ,67.9,14.65,afdca9f0ccd47943dcb8dcec1518da63,beleza_saude,health_beauty,,On Time,1.0
f7b13a5afd48ca5bcf589a25d5377b00,f2a29b4d4c04184a9372bb7374d344ac,canceled,2018-07-12 12:14:56,belo horizonte,MG,2299.95,104.77,3db0b74faf0d26a6b252528659d6b849,cool_stuff,cool_stuff,,On Time,1.0
eb3c2af8fb549b98c453e7bfb641da91,d0449005d6f06d09b2d12cdada834a85,unavailable,2017-05-09 09:37:25,divinopolis,MG,,,,,,,On Time,1.0
60d7d8686099e4682199966963c66ae2,80aff285a3aeb1162d1431383afd871a,unavailable,2018-07-13 09:24:40,itapeva,SP,,,,,,,On Time,1.0
a3beebf1efa956ba70cf01a80c483367,b24333c20b1082ee734cd5c25c2991b4,unavailable,2017-10-12 15:15:50,pocos de caldas,MG,,,,,,,On Time,1.0
1469262ec8414d0e3f821bda79cf14cc,b8fbe69e20c372fe70e6c61b8729ea61,canceled,2018-07-16 11:27:29,contagem,MG,38.9,15.37,59fb1c8d9f3640a622cf774c3867e170,automotivo,auto,,On Time,1.0
6683aa4f73f7869ec65ebeeef53f700b,7e2ae24e734d02f10866ccab9c7ad0c8,canceled,2017-04-26 22:38:50,santana de parnaiba,SP,17.9,10.96,c3a52053718435a35e070b991ff546ec,utilidades_domesticas,housewares,,On Time,2.0
6683aa4f73f7869ec65ebeeef53f700b,7e2ae24e734d02f10866ccab9c7ad0c8,canceled,2017-04-26 22:38:50,santana de parnaiba,SP,17.9,10.96,c3a52053718435a35e070b991ff546ec,utilidades_domesticas,housewares,,On Time,2.0
6683aa4f73f7869ec65ebeeef53f700b,7e2ae24e734d02f10866ccab9c7ad0c8,canceled,2017-04-26 22:38:50,santana de parnaiba,SP,17.9,10.96,c3a52053718435a35e070b991ff546ec,utilidades_domesticas,housewares,,On Time,2.0
6683aa4f73f7869ec65ebeeef53f700b,7e2ae24e734d02f10866ccab9c7ad0c8,canceled,2017-04-26 22:38:50,santana de parnaiba,SP,17.9,10.96,c3a52053718435a35e070b991ff546ec,utilidades_domesticas,housewares,,On Time,2.0
6683aa4f73f7869ec65ebeeef53f700b,7e2ae24e734d02f10866ccab9c7ad0c8,canceled,2017-04-26 22:38:50,santana de parnaiba,SP,17.9,10.96,c3a52053718435a35e070b991ff546ec,utilidades_domesticas,housewares,,On Time,2.0
ad9a8214948a5bbd4fa03af2ea598a20,270e89284af9c8a19bbb7d4665b51417,unavailable,2017-05-07 21:27:38,alto bela vista,SC,,,,,,,On Time,5.0
9aeaadde646cd9e4c51638f24ecf63cb,ef3dc353e727cc100dff76fdf0ab8a19,canceled,2018-02-09 16:25:56,sao paulo,SP,17.0,7.78,ab9aa96e13784729bde0fddf698eb1e1,perfumaria,perfumery,,On Time,1.0
1a41f24ba682e06e82dd1ce5f77b6f5e,83eba0aee8223bab71f9650a049bfb55,unavailable,2017-07-09 13:28:08,sao paulo,SP,,,,,,,On Time,1.0
60f0f4f310904e1d0c7d41224fcb45d6,f0b0eb2ecdbf5fb6b80ff673ebc5062f,canceled,2017-08-02 17:56:11,aparecida de goiania,GO,15.99,14.1,8c8cb3d0f2853c44cbf9561c7d93beaa,telefonia,telephony,,On Time,5.0
4d59cc2a2e7bb6c0a851725f5888a9b5,230a1e9f42924d41f37fd22a1d4a9707,canceled,2018-09-06 14:50:07,santana de parnaiba,SP,,,,,,,On Time,5.0
98e38b5d59b358aaf4d5a08ca9814883,bb3f306244311e629c7bd51a257d7669,canceled,2017-02-07 15:25:41,petropolis,RJ,69.9,15.7,b35ce9c1e37f5b0f4134da0fe4c93b84,cama_mesa_banho,bed_bath_table,,On Time,3.0
7582b8c10039cceafcfe7b13e41a91e2,a0b7dc1fa38cb0c12f893dddc975cd2b,canceled,2018-02-07 14:27:34,governador valadares,MG,24.9,15.1,61509eaebb2d4bd1a7511b1a75703f8c,utilidades_domesticas,housewares,,On Time,
7c496cea7613c2efe6033e93e573347f,7f3b9c3de305ae8051c6c8c6d08f0133,unavailable,2017-11-23 19:46:09,pocos de caldas,MG,,,,,,,On Time,2.0
52dfaf3e430903d40571c0eb44d324b5,91687e2315fd578c976f37533a7d597a,unavailable,2017-02-16 20:55:53,sao paulo,SP,,,,,,,On Time,5.0
936a199847ccb47438d3ae454d5e18d1,7c6c3b71261f732a0f3243c10dc991f3,canceled,2018-02-02 17:42:31,bento goncalves,RS,29.99,15.1,3b0f7951038b105522c2d566b54421f7,telefonia,telephony,,On Time,5.0
2c885b285dce307562d7f4caae89c6dc,921d58c81068176026975777ae295c05,unavailable,2017-09-07 07:46:20,ourinhos,SP,,,,,,,On Time,1.0
61839bad7238b99a645d22f47028722c,b49fadb05a2ac9f457c37308101d31c2,unavailable,2017-10-06 20:05:06,braganca paulista,SP,,,,,,,On Time,1.0
d688c0804e20281bdd7c7c864fe300fb,77990aebc36116f217b324ac96d6ad10,canceled,2018-05-22 20:31:58,belo horizonte,MG,20.0,15.23,facd7264a689baabdce2373c4feb2dca,eletronicos,electronics,,On Time,1.0
4a5cf649e3eb500fc079aace5f03583e,4438d2515d9dc45a325a676561584982,unavailable,2018-03-05 14:37:40,sao joao nepomuceno,MG,,,,,,,On Time,1.0
1770ee9dc600eccda7bfb6c56562b91d,bb1a47fe28e508114dcc09a0bb125529,unavailable,2017-08-22 19:54:54,goiania,GO,,,,,,,On Time,1.0
8f367420ab5fc7305b7383f29ef4ed4e,04eac1171d6846c64e71bf03b3e4174e,canceled,2018-01-30 22:32:13,sao luis,MA,69.0,21.28,6b3de4cb14325f3a0dafa939520f514e,relogios_presentes,watches_gifts,,On Time,1.0
847e04c1fabd29748790e74c1430c603,8964628f0dd7ab0fe0751abedcbd317d,canceled,2018-08-06 20:05:00,marica,RJ,39.9,9.21,662eb743b41155e398e7fdd5d4cf5a3a,beleza_saude,health_beauty,,On Time,1.0
cdcdab9c657011a188471120c6c6accf,759cc1995ca016648b670d3cb5c0c999,canceled,2017-09-13 20:38:00,palhoca,SC,259.9,16.58,7d70db7420b99e2b74c6d4277860c327,papelaria,stationery,,On Time,4.0
d6bf93d827293f0b9a1582be0719a1e3,020d46eecb7bda2b3ab2316a91bb49f6,unavailable,2017-09-20 17:48:30,brasilandia de minas,MG,,,,,,,On Time,1.0
b210c676cae65f95f7e08a49d195e1a1,ec9c7ebb2a345ccd42c46b94ecb4d319,unavailable,2017-07-21 14:40:21,araujos,MG,,,,,,,On Time,1.0
8a02df0db15a7e4f1ba462a2b939a532,73267f7077dd9d3d5d28033e63af2b4d,canceled,2017-10-22 14:00:34,sao roque,SP,51.15,11.73,6822a8b4d3a03eb8cc23f296bda7525f,consoles_games,consoles_games,,On Time,1.0
81b7c7bbc8ec003eeb67d87441a6a148,ff36be26206fffe1eb37afd54c70e18b,canceled,2018-08-20 09:03:23,campinas,SP,,,,,,,On Time,3.0
b4ef4b05fef13db5a94b0ccd497c521c,ca072da22ab6c6a14608c9d12c00595c,unavailable,2018-07-12 09:41:54,sao sebastiao do paraiso,MG,,,,,,,On Time,1.0
f489dacdbad0317b1ac5e2c190b3ed26,38c89b5fb20e1cc1fd098e871ac8a8b1,canceled,2017-11-13 11:41:46,rio de janeiro,RJ,47.9,16.11,1eb4a9aee05c9cad041e09add2a26d68,malas_acessorios,luggage_accessories,,On Time,1.0
5ae7a6fa175ab7b180b6c0142e5466e9,2780ca41194612d0d21951f840107289,unavailable,2017-02-03 16:08:21,assai,PR,,,,,,,On Time,1.0
3656e5952194117e323c383e559941a3,f7e41e48e45dfb7643f171b5993cf54c,canceled,2017-09-15 09:29:20,belo horizonte,MG,79.99,17.81,672fd0a2af10376f9b997ec5cfa04ef7,moveis_decoracao,furniture_decor,,On Time,1.0
5034308872e3b0e7c30ab14859feef53,866d6f4be080dca2563139c043804db9,unavailable,2018-01-18 17:41:34,belo horizonte,MG,,,,,,,On Time,1.0
798738fb83403d78d10892ac46cf8065,dc0eb6b79e438bca1400a408ff88fd15,unavailable,2018-01-24 18:44:14,americana,SP,,,,,,,On Time,1.0
24c30ddeb5a4b85a61bbb58b9e3d66c9,35f9c06b21bcfc50e0d0ebdfa147a94e,canceled,2018-08-07 16:57:23,itu,SP,42.0,8.45,7174375d5bea2b7612929eae33df48d1,beleza_saude,health_beauty,,On Time,3.0
2aaab7e991347226dbda1f61c6785f88,8be62615a1d342d4113d8d30cf30cf55,canceled,2018-07-25 13:57:52,vinhedo,SP,9.99,7.39,7d4f932dd4fa16256c20de073329eacc,bebes,baby,,On Time,1.0
2aaab7e991347226dbda1f61c6785f88,8be62615a1d342d4113d8d30cf30cf55,canceled,2018-07-25 13:57:52,vinhedo,SP,9.99,7.39,7d4f932dd4fa16256c20de073329eacc,bebes,baby,,On Time,1.0
2aaab7e991347226dbda1f61c6785f88,8be62615a1d342d4113d8d30cf30cf55,canceled,2018-07-25 13:57:52,vinhedo,SP,9.99,7.39,7d4f932dd4fa16256c20de073329eacc,bebes,baby,,On Time,1.0
2aaab7e991347226dbda1f61c6785f88,8be62615a1d342d4113d8d30cf30cf55,canceled,2018-07-25 13:57:52,vinhedo,SP,9.99,7.39,7d4f932dd4fa16256c20de073329eacc,bebes,baby,,On Time,1.0
2aaab7e991347226dbda1f61c6785f88,8be62615a1d342d4113d8d30cf30cf55,canceled,2018-07-25 13:57:52,vinhedo,SP,9.99,7.39,7d4f932dd4fa16256c20de073329eacc,bebes,baby,,On Time,1.0
736dca37c6d52d16556556bdd7d208ff,6794917b679172337e17b6a79927ade4,unavailable,2017-12-04 13:01:38,rio de janeiro,RJ,,,,,,,On Time,1.0
f1ee3463a2c0ddd328a63ac9db6af746,034e7f551239546ae63e45d0b1186ab1,unavailable,2018-03-15 19:08:52,taboao da serra,SP,,,,,,,On Time,1.0
5c5bada3b8df98250966f5a7a584657d,cc744cdbcc1c3e74f8995202a910cbd9,canceled,2017-11-06 18:16:33,rio de janeiro,RJ,42.57,15.1,a8cbbc135053b18c499ae6a0b278b50d,instrumentos_musicais,musical_instruments,,On Time,4.0
15ec3d48383c58c0dc96cd66f8884630,ca9047711198032d7f41114bd56bf7ae,canceled,2018-08-23 15:17:19,criciuma,SC,,,,,,,On Time,3.0
294bc47f2c556ebbec32a74c4811efd5,3e3b2a4bd5f40878bfd9b99a74c8370c,unavailable,2018-02-26 21:32:49,alem paraiba,MG,,,,,,,On Time,1.0
f3c5d914eec90079a826c2b5ea7fe6bc,5d13c5bdde211e7b29f55af368b42a53,canceled,2018-01-26 12:58:01,sao paulo,SP,59.9,12.76,4f130a13e2dd77a6f88f31e7addcec0c,cama_mesa_banho,bed_bath_table,,On Time,1.0
b85825cdbdab14cc17f2e159f0fba217,0b359b28a045abf2876987ccce010ac5,canceled,2018-07-21 23:27:59,sao paulo,SP,112.0,62.86,8510c0493319d7d46949a52df53e3d48,bebes,baby,,On Time,1.0
232674aa2334edfdd9c2dbe346291712,c7797b25e6175614c2c8ad82742a2ddd,unavailable,2017-11-09 23:51:34,guarulhos,SP,,,,,,,On Time,2.0
dd1341091b6a6b619079944b4aa45eb7,a842658b3fcf9836e6f9b2aa1d05d6a0,unavailable,2017-09-23 11:36:05,carapicuiba,SP,,,,,,,On Time,1.0
410d704bdcbe2893fd5ad73fe8166f43,bb6ffa5f9b68665f0cb238ea298092a3,unavailable,2017-12-10 15:25:51,taubate,SP,,,,,,,On Time,2.0
c3514a3dc150acbbf0ab547f1cdc1fe4,5c694a3890f4de5708c0252c38cb6b5d,canceled,2017-09-16 21:43:02,curvelo,MG,292.99,34.5,53ecbdfce48c35f53f87609dee98b4b7,cool_stuff,cool_stuff,,On Time,1.0
5e30dcb2e114da32afe2f0942750616a,1963df51f83e0b947ab78557117c25cd,canceled,2018-04-06 22:13:21,curitiba,PR,277.3,50.09,20dce72985857d1c8d09d506a8ec5187,automotivo,auto,,On Time,1.0
33fe1cb532ac16a48902980e00c26da6,391a81a38af3c3132825107d346a35e0,canceled,2017-07-25 19:26:15,medianeira,PR,,,,,,,On Time,4.0
b6d6730512437da0a234e99ea7885212,5bdff994fa115621df0b714401ec5db4,unavailable,2017-09-04 09:44:46,jau,SP,,,,,,,On Time,1.0
65fc7195f2f70e60bd81a12c69d7389d,aeadc34e89c894f08e1c9e5fcc4b8f49,canceled,2017-07-25 10:11:21,caieiras,SP,379.0,31.03,cb428376d66b5e216d2ef9f3b27fc172,instrumentos_musicais,musical_instruments,,On Time,1.0
df8c077268f7f3baaac0892eb3143642,0071f46a072a9ae25bbe4438b15efe9c,unavailable,2017-02-01 00:04:17,aracatuba,SP,,,,,,,On Time,3.0
fa5dc4c3b8326a0da88dc49b20e0ed27,8eca66d1420d3d84211c668c66a1cedd,unavailable,2017-11-17 20:08:03,rio de janeiro,RJ,,,,,,,On Time,1.0
0d3adebce4bebc1f80a7f36e9833f497,ba84da8c159659f116329563a0a981dd,canceled,2018-09-03 18:40:50,petropolis,RJ,,,,,,,On Time,1.0
930f7f40db5f938e56fbc1bdcd1bb28b,ace27caee932e4e3722a322a8f1586aa,unavailable,2018-02-16 20:04:22,sao bernardo do campo,SP,,,,,,,On Time,1.0
f87f3a5e91df877dc36b65fb69ff2465,d6bc315c133be9c0a334b96002b4c1c1,unavailable,2018-07-30 21:49:41,campinas,SP,,,,,,,On Time,1.0
bfb074fa3d43b5b13e7a67203ebdedf5,2e7e91892d0d4db10d2c8c6de2b26798,canceled,2017-05-12 10:11:53,ipatinga,MG,129.9,43.32,50692766f5927d896a4b516389e92b4a,construcao_ferramentas_jardim,costruction_tools_garden,,On Time,2.0
9bc5c73ed95bec088ff04d924946fa45,97800844084823aef5065286c2e1f5b0,unavailable,2018-01-14 21:32:20,cajamar,SP,,,,,,,On Time,1.0
4a44e928d587e7cd7068ea354471c477,89f64c1d337233ced9aa4db4b90617a6,canceled,2018-06-05 13:51:50,maua,SP,,,,,,,On Time,1.0
00ae7a8b4936674ebb701d4a23719a79,f0b9f688a3b9151bc6b38f4b5b36ea44,canceled,2018-05-09 14:14:06,santana de parnaiba,SP,27.9,9.26,66f09a6de4f2ef63aaf5349b60a0e0c0,automotivo,auto,,On Time,2.0
b837d07aca063bfa379766bb6740fdf9,ac47e75188c54637af42ae4dc4f37468,unavailable,2018-05-06 20:12:33,varzea paulista,SP,,,,,,,On Time,1.0
4a0d049ee6c82b3348a21bb211c0a44d,564ac5c8787de7b833ff45639347e145,unavailable,2017-06-07 09:53:30,presidente venceslau,SP,,,,,,,On Time,1.0
115b01b1f77f0e02812425b6f5cd8f2f,e41f728e0f739e2f07cea09d095bfb41,unavailable,2018-01-19 00:08:45,sao paulo,SP,,,,,,,On Time,1.0
a9957adf297a6be5e8625b3e93329c6d,a4a9f56f9f405802035afba6bc2576ba,canceled,2017-03-06 20:51:57,sao vicente,SP,1420.0,18.23,47d52bb24ef8a3aa09724f00604be3ba,dvds_blu_ray,dvds_blu_ray,,On Time,1.0
0990477f1481cdf40c00d57bb13a1c9b,d24b1c6f6f0b58a542d74e912fd7a336,unavailable,2017-04-20 19:01:56,santa barbara d oeste,SP,,,,,,,On Time,1.0
642a8a89c36a8b2f4884cd8e68168247,fbd9bc53c3eba9807d3e246b2104b2e9,canceled,2017-11-06 21:02:18,jundiai,SP,59.99,11.73,d4fa4ad0e82fea0c12d7cf3f773a03b1,cama_mesa_banho,bed_bath_table,,On Time,1.0
842784b3b697f1dbb51781a20352709a,d51b29a32859eb01adc8fc789c04414c,unavailable,2017-09-05 17:32:12,jandira,SP,,,,,,,On Time,1.0
2c9c2c96702997c879d75f927b76165e,004ad212c650c96c8a48f30855a7bcb8,unavailable,2017-09-24 10:45:10,ataleia,MG,,,,,,,On Time,1.0
6c16d886be4fe03174a289a4ca70a775,4e1567240be3d719ba5c79afed039693,canceled,2018-06-05 15:06:16,sao paulo,SP,,,,,,,On Time,1.0
2e8a59579f027832343436a97c22499b,8cfb20eff1ce8185a15ab1df1a8969e3,canceled,2017-09-08 11:19:09,sao paulo,SP,309.9,34.42,d68b3ee8696e55f3c81a7d319bd1b44d,brinquedos,toys,,On Time,1.0
47bd649b812fd8ecc28320c466974088,5450dfde402cbd5f6925d9b8d60e2b6b,unavailable,2017-11-27 10:50:08,belo horizonte,MG,,,,,,,On Time,1.0
fcfe1ea18aae8ae4a08253fd4060a763,c7b11bae00fa4158c2be0764bf976ccd,unavailable,2017-02-11 10:36:04,uberlandia,MG,,,,,,,On Time,1.0
44b4829b58167b697a69c8aa8eb64733,d80428a055be33747921d70b443d2fa5,canceled,2017-03-01 11:26:37,maua,SP,,,,,,,On Time,2.0
1857e77a4bad8abb2db929f107430663,6d443b75cff956bb73dce7385033e266,canceled,2017-08-31 23:55:57,jundiai,SP,,,,,,,On Time,5.0
6954eac303f94f5f51b80deb4ba7be50,3bec6798ceb2e8fafb2e95e06b3610b7,canceled,2018-08-03 15:05:58,sao paulo,SP,60.0,7.68,5321c283dcbf309eac57110f5e306cf0,esporte_lazer,sports_leisure,,On Time,1.0
b87fe28d8d70119601f63b7b131e7af0,87ff69ee0a94361f61fbd5e5699c5230,unavailable,2017-04-01 16:47:25,sao paulo,SP,,,,,,,On Time,5.0
c8a39e88e6ff246e21f6fc93c50a2e88,237a8d173b892a798ad03ea8acb5cd10,canceled,2017-05-27 22:45:48,sao paulo,SP,92.9,16.36,e2a874b1b8340b4038172b1925afd914,utilidades_domesticas,housewares,,On Time,1.0
6feadaaee762109cbc3bfaf93254fab9,bc879f0a162b1f2f482bbf1e7edcabae,canceled,2017-07-02 21:36:22,osasco,SP,29.99,7.78,37f05006248fc8b0d04270ef02d24406,fashion_bolsas_e_acessorios,fashion_bags_accessories,,On Time,1.0
bb8edfe0742a6a0279b7dff848289568,91544d22848a922381b73b5e21ad58ff,canceled,2018-08-30 10:24:34,sao paulo,SP,,,,,,,On Time,1.0
03d1edbd314ca7682ec0f3e67d3763e2,72bb34a2ba88ff69799368a5a44dbb5a,unavailable,2017-06-29 20:04:14,sao bernardo do campo,SP,,,,,,,On Time,1.0
00bca4adac549020c1273714d04d0208,6968d01009b952ed987de42a239d7fa0,unavailable,2017-02-14 14:49:29,campinas,SP,,,,,,,On Time,4.0
5b3367de06e5c2955a98de36a52fbe1a,19a08365a2cae65ce7b6a58da11bce58,canceled,2017-03-07 12:43:03,catanduva,SP,235.0,12.26,dd3575a8c5e2139f680a9816a15c8f2a,consoles_games,consoles_games,,On Time,1.0
7c0659561e8e95e839b8a4f9f4b6fab9,5edd5c0bb0447456895f9bfe90275616,canceled,2018-05-19 23:33:33,sao bernardo do campo,SP,119.9,8.6,e9def91e99c8ecb7c5cef5e31506a056,brinquedos,toys,,On Time,1.0
cdf36cd4632fe33085adec5cf3d6b306,720bd81369ac97db986d4f09ba1e7e7f,unavailable,2017-02-25 20:20:04,igarape,MG,,,,,,,On Time,1.0
2e935fa1d39497aa0ec3f1107fbfb5b8,736e6bfa0510aa5b878881a226a5fd89,unavailable,2017-09-29 14:07:03,osasco,SP,,,,,,,On Time,5.0
a9c8ac0c26c178f0ad33618f96225a01,e3fe811011101628e80a7953f1244c8d,canceled,2018-07-22 23:36:14,paranagua,PR,359.0,31.04,66b1f09e746c05761bcaccf6339bde8d,eletronicos,electronics,,On Time,2.0
a9c8ac0c26c178f0ad33618f96225a01,e3fe811011101628e80a7953f1244c8d,canceled,2018-07-22 23:36:14,paranagua,PR,359.0,31.04,66b1f09e746c05761bcaccf6339bde8d,eletronicos,electronics,,On Time,2.0
a9c8ac0c26c178f0ad33618f96225a01,e3fe811011101628e80a7953f1244c8d,canceled,2018-07-22 23:36:14,paranagua,PR,359.0,31.04,66b1f09e746c05761bcaccf6339bde8d,eletronicos,electronics,,On Time,2.0
a9c8ac0c26c178f0ad33618f96225a01,e3fe811011101628e80a7953f1244c8d,canceled,2018-07-22 23:36:14,paranagua,PR,359.0,31.04,66b1f09e746c05761bcaccf6339bde8d,eletronicos,electronics,,On Time,2.0
a9c8ac0c26c178f0ad33618f96225a01,e3fe811011101628e80a7953f1244c8d,canceled,2018-07-22 23:36:14,paranagua,PR,359.0,31.04,66b1f09e746c05761bcaccf6339bde8d,eletronicos,electronics,,On Time,2.0
a2621d414c9c28d85816bbc9f2e8980d,d4b2193f58a874bcfb2352407869ddf9,unavailable,2017-09-22 15:42:18,manhuacu,MG,,,,,,,On Time,1.0
02e723e8edb4a123d414f56cc9c4665e,abfe742e782fb10f5c824fcb849e5cd1,canceled,2017-08-18 14:30:19,sorocaba,SP,,,,,,,On Time,5.0
1c95864be748aeb7e70002b2d365646f,963f8a6917ac9271090988cf4595042c,canceled,2017-04-14 16:11:03,sao paulo,SP,1140.9,20.57,a5d86c5969b4279aad7973985215a4e9,informatica_acessorios,computers_accessories,,On Time,1.0
e5476d1c0a9bcc909b2f4bc24559bdde,783649d604223aea32afa945a91dda63,canceled,2017-02-13 17:17:36,piracicaba,SP,380.0,45.07,4a90b44b456e79e7a33435fdd36e551f,ferramentas_jardim,garden_tools,,On Time,1.0
c94939ec208457c136427d40ea7bb4cf,c4cfcd036711f6a5743b36d378124f5d,canceled,2017-09-06 16:23:33,guarulhos,SP,489.9,27.74,9523bf75c55cbbd31a79ea86a9157a39,eletroportateis,small_appliances,,On Time,1.0
5f0dfd096a455e93ffb4ee0635b32264,5946c7eb7093ad678e3510213f1b6f09,canceled,2018-07-29 15:15:39,sao paulo,SP,26.9,7.45,d315b738a6e96f4d9710af966cb7cd5b,utilidades_domesticas,housewares,,On Time,4.0
b5d4eb6b98c48a1d20e7a7663881bdd0,1d33f1c780565a9ad99bf3a56ee0e62d,canceled,2017-10-06 21:54:55,governador valadares,MG,59.9,14.15,6bd248f93425ceeb625a8a97e2404112,papelaria,stationery,,On Time,5.0
85fc293d3e0bf416c547c15d991e096a,02ed27f9cd8f0a7ffc59c7e10b46b9c0,unavailable,2017-12-07 20:38:53,rio de janeiro,RJ,,,,,,,On Time,1.0
7525729ed75b4d65c84bf8499bef7df2,1a3de23cf95b33404f03b9f7cc1ac202,canceled,2017-02-22 19:36:22,vila velha,ES,139.0,29.16,361009da0572b0d1d961d347f10e09b1,moveis_sala,furniture_living_room,,On Time,3.0
30945faa37e8264ea2815f7bf799adf0,5942dde582a33e31ea4471bc5363b0f3,unavailable,2017-01-31 11:40:55,vitoria,ES,,,,,,,On Time,1.0
ec60e48662eb9eaf9ae685a3afa56518,51b958a538ccb8455fe629ec1d7bac00,unavailable,2018-02-21 09:55:14,sao roque,SP,,,,,,,On Time,5.0
08ee9c1b1da47ffd2a7c7163aa134b16,7649b15c0f9e10a06fd969de050553bf,unavailable,2017-08-04 21:47:44,rio das ostras,RJ,,,,,,,On Time,1.0
f5e0327c97a90df59977a815f6e4453c,1c627932574a6b9f2a6eeb5820c13492,unavailable,2017-12-06 14:39:11,sao mateus,ES,,,,,,,On Time,1.0
d01c5b46e00bd214519fe9f64bbb2649,a28a87da2cbdedcaeef1958a821308ad,canceled,2017-03-13 20:30:13,rio de janeiro,RJ,79.0,14.72,96aca2f53bcaed6f466449f7fb18ae75,Unknown,,,On Time,1.0
7aec7711c4f60453a59bf2f85d18187f,90269b80d2c871615ddf26f1b1c7d46d,unavailable,2017-10-11 10:40:41,uberlandia,MG,,,,,,,On Time,1.0
4fafa25ee16300a26f7ef92f3d15b58b,01ea7dfdac01a4e8fbe2902b73510b20,canceled,2018-02-09 17:36:42,rio de janeiro,RJ,129.0,86.06,cdad30e46a6fc84785a525ad6b5cf748,moveis_cozinha_area_de_servico_jantar_e_jardim,kitchen_dining_laundry_garden_furniture,,On Time,3.0
db62e0a0d6c8476c079bda2174228551,f582d9b093001521d8c5544ddc4f27c8,unavailable,2018-08-02 12:05:49,sao paulo,SP,,,,,,,On Time,1.0
a229af912d66e534353b1fa59daef44b,236bc753fd717415829966772fd12d58,unavailable,2017-10-27 10:04:29,caraguatatuba,SP,,,,,,,On Time,1.0
2db84a082bda455eb1da10727e7ca621,cb3e281051f38969721e8c07190d0c40,canceled,2018-02-02 15:29:05,embu das artes,SP,12.0,7.78,4724ffa427f315c485e39b02e21859b2,beleza_saude,health_beauty,,On Time,1.0
541d81a8afee2348b192cc10df37367c,903ef81574df4baba67b022204c2aabb,canceled,2018-05-07 17:46:04,uberaba,MG,213.9,19.38,ee54bc9ad38ada9c4692f91362601c9e,construcao_ferramentas_seguranca,construction_tools_safety,,On Time,3.0
541d81a8afee2348b192cc10df37367c,903ef81574df4baba67b022204c2aabb,canceled,2018-05-07 17:46:04,uberaba,MG,213.9,19.38,ee54bc9ad38ada9c4692f91362601c9e,construcao_ferramentas_seguranca,construction_tools_safety,,On Time,3.0
541d81a8afee2348b192cc10df37367c,903ef81574df4baba67b022204c2aabb,canceled,2018-05-07 17:46:04,uberaba,MG,213.9,19.38,ee54bc9ad38ada9c4692f91362601c9e,construcao_ferramentas_seguranca,construction_tools_safety,,On Time,3.0
541d81a8afee2348b192cc10df37367c,903ef81574df4baba67b022204c2aabb,canceled,2018-05-07 17:46:04,uberaba,MG,213.9,19.38,ee54bc9ad38ada9c4692f91362601c9e,construcao_ferramentas_seguranca,construction_tools_safety,,On Time,3.0
670e3b20191d3198a76069c8f9b12355,9f53b6d0ec91131fac2c1724f511f3ce,canceled,2017-02-03 00:55:24,cangucu,RS,,,,,,,On Time,1.0
3addeedb2235eeb1e75dd513cd6eeb35,de781ac3b06f0d8a41213a917111e95e,canceled,2018-03-21 15:41:24,sao paulo,SP,125.0,14.96,58bef3ad35aed45b92cf03510e6cf5ce,esporte_lazer,sports_leisure,,On Time,1.0
ba2821b49c92e278db491d3e19fa0556,2c31263f14d480102a2c628220f16354,canceled,2017-05-02 17:51:28,osasco,SP,,,,,,,On Time,5.0
9abe82df39e950e1e0c1a5969e22571e,09a1610de485b250ee4ccb3142905b4d,canceled,2017-03-21 14:45:36,rio de janeiro,RJ,,,,,,,On Time,1.0
a3777b94ef07749f031ade4ae824ddb2,2a4bb87df78fe7a98da954eeb9abcf5a,unavailable,2017-05-30 20:06:02,vitoria da conquista,BA,,,,,,,On Time,1.0
dafb12075abc3168e9addb5ccf7a02c5,ea2bb0faf4154955780c8ec660b7315b,canceled,2017-07-16 21:59:33,guarulhos,SP,,,,,,,On Time,2.0
d9f0325894bf21440caaed1e42006eaa,a0838488ea02b239afbdb7ebfb480e2d,unavailable,2017-11-12 12:20:04,guarulhos,SP,,,,,,,On Time,1.0
61bc37c42c68767e75243b8c2061f5aa,5565f9ae7cbd3b6ccff56dfe72738433,unavailable,2018-01-11 15:07:19,sao paulo,SP,,,,,,,On Time,1.0
abfacef50a27d7cea3f2c7aa60c08245,94c0cc1d2ff6fbba79af9a5769d2b18d,unavailable,2017-09-29 13:55:25,londrina,PR,,,,,,,On Time,1.0
37ce40447807e0d3e58cc474ce549881,c1242a4d8e2d5dde133a8c46d5b22975,canceled,2018-01-27 11:20:50,itaberaba,BA,99.9,17.14,c5c619629da44fcdd8303458a5557fde,papelaria,stationery,,On Time,1.0
cd94dbdc801da0cd93b0c8f33663973d,b36c862b336a3ab664d455968efb538a,canceled,2018-02-21 20:54:45,campinas,SP,68.9,12.61,0d85c435fd60b277ffb9e9b0f88f927a,informatica_acessorios,computers_accessories,,On Time,
1ddedd282e921efe5e3e931f5a1369d9,c3162dab3ff823fcba17f3f8bac73125,unavailable,2017-05-25 23:08:04,alto jequitiba,MG,,,,,,,On Time,1.0
2663ce3526465b7ee9809428adabdc45,eb240714223915add224beff2d844e53,canceled,2018-08-30 13:07:46,presidente prudente,SP,,,,,,,On Time,2.0
b8752fc264f1692031237bb715061cc4,505fe88e18db61affa7c0f8adbeda4c2,canceled,2018-02-22 16:58:06,sao joao de meriti,RJ,59.9,8.27,b8a0d73b2a06e7910d9864dccdb0cda2,beleza_saude,health_beauty,,On Time,3.0
92d731517f17c26f16182d45498c4c3d,623b94cac35b6629e4a77bd398beca52,canceled,2016-10-05 11:23:13,rio de janeiro,RJ,,,,,,,On Time,1.0
0166cc8756d58b4a30fb49de83527120,2fbe21ee78c83f908ed47ba9f4a74121,canceled,2018-02-08 21:09:18,jundiai,SP,29.99,7.78,b59b5899ecf4bcc294a72fdd48adaa94,telefonia,telephony,,On Time,1.0
e3911e9d71dfe83390a806612556c49b,f9e3e8736333238c84701d45ea0b6ffb,unavailable,2017-11-13 17:35:24,belo horizonte,MG,,,,,,,On Time,5.0
df2f177b04bac67798590bc71213dcc2,48e50d698f52cb6a753d80e85ad124a4,unavailable,2017-11-17 15:29:22,taboao da serra,SP,,,,,,,On Time,1.0
d8f135a040950408cd059c27a623bd97,9de471f333d264cb6e1971a6dbdfb073,canceled,2018-03-03 11:09:57,andradina,SP,163.9,13.49,ae8791241ec7e06bf34c6f00cf9e0501,bebes,baby,,On Time,1.0
8c3a5781b4f217b12c76e4216007e2db,8baf40106768ade624db23a1fd11808e,canceled,2018-03-20 15:23:29,sao paulo,SP,193.0,18.26,f5f0e64686adaf487590fbb8a75a1d2c,esporte_lazer,sports_leisure,,On Time,1.0
d177b7c08ed2934d5888e7fd236d42e1,40aa675201863fe2a78cc40c3ab74609,canceled,2017-08-17 13:20:41,francisco morato,SP,,,,,,,On Time,1.0
19d3484384a0e1eef23357b8c193bd86,622f869865eac935f83c91cbae73c8d8,unavailable,2017-11-02 22:33:01,sao paulo,SP,,,,,,,On Time,1.0
29557adf1f00504612cbebf82c843d77,d8165700afe6ac4255f5612f46e8640f,unavailable,2017-04-22 16:14:48,rio de janeiro,RJ,,,,,,,On Time,1.0
cfce0ad0c924cecbe5fde10535420084,bf4c66eb6327bc3cc88f1f9772221970,unavailable,2017-05-07 20:39:35,porto velho,RO,,,,,,,On Time,1.0
869eb48662057e0341d47dae5334b693,2f82413d1799fccad849c9ead2ff6c65,unavailable,2017-10-31 22:14:54,santa luzia,MG,,,,,,,On Time,1.0
845f40bea2ead3894b6d95b621e108c0,379044038aa6efadbb71525799832291,unavailable,2017-02-06 20:27:06,guarulhos,SP,,,,,,,On Time,5.0
0b398dbb3e7c81005f3c69b01488c4c9,0e88d25592a4f873d5439a70609ace33,unavailable,2017-09-27 20:51:53,sao jose dos pinhais,PR,,,,,,,On Time,2.0
21a00b08cbeb5716bbb66105e3dbd850,76e5f3bca2b1f5c510c41563c2ea31a4,canceled,2018-09-10 17:51:25,rio de janeiro,RJ,,,,,,,On Time,1.0
a0c1632c3bd45c48bed924a7dae3a664,abca9bb2258bbacb7328d311ec98f939,unavailable,2018-02-17 15:48:11,mario campos,MG,,,,,,,On Time,3.0
e23eaa3bc8275c392145e736dbdea275,055ec572ac7f3c7bdd04a183830ebe59,canceled,2017-06-18 17:22:09,sao paulo,SP,1999.99,26.55,fd0065af7f09af4b82a0ca8f3eed1852,automotivo,auto,,On Time,1.0
fbb8b95a779702d51ecf6fa530a997d4,f941b66064e2381bd2ebf70aab0c9a33,unavailable,2017-07-06 08:47:05,belo horizonte,MG,,,,,,,On Time,1.0
34cea4a1fdf5fefdf4d48d7dafe53911,5e8d2ac34f852ccbe22f9749926b50a6,unavailable,2017-10-15 18:50:09,rio de janeiro,RJ,,,,,,,On Time,1.0
fa6d0c0ef7a7849ab7847303d458df3c,868156efbc523d93f64d0aa6344b56aa,canceled,2018-02-05 14:32:21,vila velha,ES,24.6,16.11,4ef0124968bdc099c9a992a37bcb4155,bebes,baby,,On Time,1.0
6b460c25c2bb8e1323536e9e921d04a1,9ff7135aea0637eaa06824d25db0741b,canceled,2018-01-29 16:07:41,piao,RJ,56.99,15.15,f731f8587d4088c174397e010cf892a9,perfumaria,perfumery,,On Time,1.0
a2ac6dad85cf8af5b0afb510a240fe8c,af5454198a97379394cacf676e1e96cb,canceled,2018-10-03 18:55:29,registro,SP,,,,,,,On Time,1.0
d2bc174d5c413f457a21db6899afb682,50c7adf7c25188cf27f66e1cfe278fad,canceled,2018-08-09 09:50:42,pelotas,RS,,,,,,,On Time,2.0
2c990009034e1fc83904584b26b5fd25,7c9a0402e884c791edf88646b7c20a82,unavailable,2018-07-18 09:52:46,campinas,SP,,,,,,,On Time,1.0
16b8c07980cc1e47a31ebb35d9222807,2e904e9e68adf360c4d9c4a82621c28a,unavailable,2017-05-31 13:14:22,sao paulo,SP,,,,,,,On Time,1.0
d05cf40cb923ba228822414cc52067c3,4eddd5c44479274893b2ae3c12b79b40,canceled,2017-09-23 06:23:19,sao paulo,SP,210.99,31.68,ffa4027b0effa4df0d5f5a9ce2788b6d,cool_stuff,cool_stuff,,On Time,
6a91f55a2fad58d1b580326cd07f5795,74e74be63457c0c8a4c6516d56b4f976,unavailable,2017-08-14 00:22:36,nova iguacu,RJ,,,,,,,On Time,1.0
61a86f238895780d1ddc6344985537ef,02d73d09e28bcf111eb693e80e33cb51,unavailable,2017-11-24 23:53:23,curitiba,PR,,,,,,,On Time,1.0
1a5d21f44c73693b9930d0ca33a9d0b1,325eef70a26376c2e72c30925a5f8827,canceled,2018-08-16 17:50:14,castilho,SP,,,,,,,On Time,3.0
4641a7999ca05850ee60509c213dc8ac,b0e767504f2f0d8ca90aa40c785d008e,canceled,2017-11-20 12:48:37,santos,SP,,,,,,,On Time,1.0
b2673ed6360dc341a4728dbd632f935b,0bbb42a9ca8179ccfce14a11d2afe6de,unavailable,2018-06-26 19:21:56,maringa,PR,,,,,,,On Time,2.0
c609f82bcf7a90292a5940205ebd7e93,035f60af6e7d7f78470e9443be08d339,unavailable,2018-05-13 16:45:55,aperibe,RJ,,,,,,,On Time,1.0
6111350dd1f8b825ac82e9caea339f07,3da26ad0ffe9feea8ce65b20cedc17bf,unavailable,2017-11-17 10:23:15,sao paulo,SP,,,,,,,On Time,1.0
dc18a044b56ed174037ca164cdf2e921,b92a2e5e8a6eabcc80882c7d68b2c70b,unavailable,2016-10-05 14:16:28,vargem grande paulista,SP,1199.0,28.78,faa268ecc8a8434cb4ebee091b3222d6,eletronicos,electronics,,On Time,1.0
a2bcbea8668a0d93334cf7f7fafe921d,db44a2fcc338d9b3d22dda89950c77fa,unavailable,2018-02-12 15:38:41,rio de janeiro,RJ,,,,,,,On Time,4.0
32e34fe202c1776f1f6670feb9a28a73,300302f9c0a881b9d58d2e786e242fa6,canceled,2017-08-05 16:11:14,sao bernardo do campo,SP,48.67,9.34,3690ffac39b2896ed64f47bd701a9666,moveis_decoracao,furniture_decor,,On Time,1.0
7ecb6c38b166531663fdecce49dc1a6f,b339a1ec295defef7cd27439c8718066,unavailable,2017-12-29 00:18:54,pirai do sul,PR,,,,,,,On Time,1.0
9c2e92a11614b3b94ef257a4eb8540d7,e96373fff9632d363f5d96e6f169ef33,unavailable,2017-11-18 18:41:53,charrua,RS,,,,,,,On Time,1.0
e9e56ab7d8e993bda2988ed430524126,ee1f5271e9485b974a603453a9df1fac,unavailable,2017-03-05 19:52:00,cruz alta,RS,,,,,,,On Time,4.0
fd4c3a2912e854eedd463b329540da4b,d130666a33d3681209c5c752fe56ee10,canceled,2017-10-28 11:18:48,curitiba,PR,,,,,,,On Time,3.0
298b961b82fd30c53433ae821ba75aa9,e460ecd8f12d6226ca4a4d556cb7f1a0,unavailable,2018-07-10 09:56:11,bento goncalves,RS,,,,,,,On Time,1.0
e804ad37d90d9c32dc3ae61e90a06345,bd07a7b3f902d6f2cfb02eb03fec8372,unavailable,2017-12-06 19:30:43,patrocinio,MG,,,,,,,On Time,1.0
a20191650d84d1d59f72139a87207a3b,013f66477aa3210eb05fec3fa184de33,canceled,2018-01-22 17:10:19,boa vista,RR,89.99,25.66,8c464efd8ef90612cb673a5ce7046e8c,papelaria,stationery,,On Time,2.0
5aac76cf7b07dd06fa4d50bf461d2f40,9c3af16efacb7aa06aa3bc674556c5d6,canceled,2018-09-25 11:59:18,belo horizonte,MG,,,,,,,On Time,1.0
46ac809c6b319398df696f5668806fee,f55f5b958b01f7040f6f42c0abaca6f4,unavailable,2018-04-03 18:28:35,rio verde,GO,,,,,,,On Time,5.0
0ea5760bfbfe671160e0599cf68f1981,e7bb82dae3998954497289418e677dc2,canceled,2018-07-18 09:56:16,sao gabriel,RS,,,,,,,On Time,5.0
32cf225a72e589313cd8d967203effc6,8f5849dcf5aa603db5bd636c3d5e3e3a,unavailable,2017-07-16 14:26:59,sao paulo,SP,,,,,,,On Time,1.0
9a7e2fda18922ba60aba4f140aead4dd,f11451a120b48a5c4c36d3274f0fd80c,unavailable,2017-05-05 14:01:47,guarulhos,SP,,,,,,,On Time,1.0
d5ab426a149bfee66ff88db9c6a8836a,03459d9b3e14feb0e89b0e5bce4f188d,unavailable,2017-02-01 10:40:43,palmeira,PR,,,,,,,On Time,2.0
ebb921d271b8b17989e08220637b921f,3e8efeeac286c500baefd049a28146b8,unavailable,2018-01-03 21:01:54,indaiatuba,SP,,,,,,,On Time,1.0
896fbd78a9ef3839b34b893f48f6bc67,b695d6a0f8f032b0529c65cf885ca29a,canceled,2018-05-12 01:48:33,santa gertrudes,SP,,,,,,,On Time,2.0
503e8daafed23dbae78ff210f2d41f0f,756056dc496b52935b053a6f0d02c68f,canceled,2018-08-20 14:16:15,guaruja,SP,,,,,,,On Time,3.0
af07804a2d53e8639954baf97fbf803a,b14ef688a7c1a52e7437298085d9d62b,canceled,2018-04-19 13:46:42,guarulhos,SP,176.99,17.21,165f86fe8b799a708a20ee4ba125c289,cool_stuff,cool_stuff,,On Time,1.0
697495e65867be26f25a3b5df26fcdac,fe19cddc4dc6f64d8d1733e854bbd9cb,canceled,2017-10-21 11:08:42,piracaia,SP,297.9,19.98,dc404a1496a08f9f5540c8b5d4b92925,brinquedos,toys,,On Time,1.0
0010dedd556712d7bb69a19cb7bbd37a,a77550dd00887c5bb24100ccbd08cbe9,unavailable,2017-10-21 19:32:06,sao paulo,SP,,,,,,,On Time,1.0
3af427dfb9464cd660ac27292bb5d30b,d971d35a1a557c99d244f04f838f1c54,canceled,2018-01-30 13:28:14,joinville,SC,59.9,15.17,b52385de7f52a8dc46d4195e2f77f965,Unknown,,,On Time,3.0
90ff3cffbad0c03e76cdb32a788a649e,d5a09a021051dfe78b3d21653852e43f,canceled,2017-02-20 11:29:19,goiania,GO,16.9,17.78,5c12fb778168a77e3ffc8d7dd7a689fd,perfumaria,perfumery,,On Time,1.0
309688f286ca9fb39735664ba1e37b29,2fe568d05684fa1b16d752caa920afb9,unavailable,2017-11-26 22:38:45,brasilia,DF,,,,,,,On Time,2.0
4689301ba3cbffea28d57a22a80987c3,4a4bc27d97551e150f9bcb72dca4eae9,canceled,2017-08-16 20:51:24,sao luis,MA,122.61,38.41,41c1f03b4d5bac6d41d5f9d2a85389c6,brinquedos,toys,,On Time,1.0
4a63bdb264d95eae86109b24b4880aee,f1479c7c44f47c368c1a75e0f33d27f1,canceled,2018-03-26 11:59:06,osasco,SP,53.9,7.39,859c4a81490e9402bac13f62672482d1,bebes,baby,,On Time,1.0
1cd8d1567debd198821fe9d46d99b5b1,46c0a00dac020d24bfdfbc8b214d54de,canceled,2017-09-25 20:16:38,barra do pirai,RJ,89.5,15.38,af1190b9fff9a3c0ea7bc29ef8dfd8c1,brinquedos,toys,,On Time,3.0
582fd4fa596ee1af88f153a5ba0523f2,f39417775394ddaa9a81151e6afd4c5e,canceled,2017-11-09 17:38:45,aracaju,SE,,,,,,,On Time,5.0
5d9c5817e278892b7498d90bfa28ade8,67a7e94ec59ef6d6ba83942c81d39b9a,canceled,2018-04-26 08:13:54,sao paulo,SP,110.9,34.18,f6dc856631040b5a7843b14a94b09b96,pet_shop,pet_shop,,On Time,1.0
5d9c5817e278892b7498d90bfa28ade8,67a7e94ec59ef6d6ba83942c81d39b9a,canceled,2018-04-26 08:13:54,sao paulo,SP,110.9,34.18,f6dc856631040b5a7843b14a94b09b96,pet_shop,pet_shop,,On Time,1.0
3f97741c29250239ff213d393949f2e3,246ac3da5737053474706445f32fb433,canceled,2017-03-20 19:36:51,salvador,BA,99.9,19.4,2291d090b69f60fc0ffd95ae394daa77,cool_stuff,cool_stuff,,On Time,3.0
d98c008ab7402c99b12dc051744284e8,fa1c245f817411cddf1a9d2c44a41b9a,canceled,2018-02-21 09:43:49,sao paulo,SP,39.99,9.34,05f97ad4ce078ed1de8882e1824eb07f,brinquedos,toys,,On Time,1.0
5627a31940ca40213ead4a6a71e7b386,95cf7888416d4c0e79745f1fcc93a407,canceled,2018-05-21 12:22:10,sao paulo,SP,57.99,11.15,1b43b0a6105ffaa6dae01356daec2657,beleza_saude,health_beauty,,On Time,1.0
13bdf405f961a6deec817d817f5c6624,3977f83a14549e6265bcded84e92ee80,canceled,2017-03-16 02:30:51,rio de janeiro,RJ,69.99,14.66,96ea060e41bdecc64e2de00b97068975,utilidades_domesticas,housewares,,On Time,1.0
12af24617f25e0c8cd411544f704f2f7,8b72bba76cc10c0710aea06efcadeff7,canceled,2017-01-26 23:11:32,caieiras,SP,49.7,14.52,9934888916de3bff6437a425052717a0,automotivo,auto,,On Time,2.0
deb556fbebd4343315d9ab970392674c,ac3dcee918e6c96eb2ab467158143697,unavailable,2017-07-25 20:49:16,guarapuava,PR,,,,,,,On Time,4.0
816e9ea5a585767bf637afdfb6d536ed,ef48aa70a51a4cf73b4dfc07ea69c77c,canceled,2017-09-27 20:03:11,sao carlos,SP,,,,,,,On Time,5.0
5bcdec60d84d4495d0d90b64a3e81804,4eaeee3e4f0aadc733708794360a3571,unavailable,2017-12-05 15:25:11,belo horizonte,MG,,,,,,,On Time,1.0
ad430bc59db52b1f7522b6f19e669bc6,152e41e668bcc58f2d98dcec34cc5e6f,canceled,2017-03-05 19:39:34,rio de janeiro,RJ,189.9,16.54,1860b96949f9ff0adcd5e2c340d32e12,automotivo,auto,,On Time,1.0
8040bd2eb4b6e7cfcda94f1ccdcc703d,879cc24d2f7a2dac33d2b95b23a3de05,canceled,2017-05-03 23:23:55,sao paulo,SP,,,,,,,On Time,1.0
c7da51b752a41bf0fc419eb6b929b582,4b8096486405b8edbf0af122f4cfd283,canceled,2018-07-04 13:11:55,guarulhos,SP,20.0,7.4,c63857f1b80521fbf01eb987423d0ccd,esporte_lazer,sports_leisure,,On Time,1.0
f289bb2bb19d49b2e6aa64cb10b0e4bc,02a2a0a9627a062602de754d75038ce4,canceled,2018-08-08 20:48:39,guarulhos,SP,502.0,30.49,1349d35861565f14ad2d162ef37ddc34,eletroportateis,small_appliances,,On Time,
dceb6ab566e0d15ffaba53ef637afa3c,638e658cce197754bfbd080823c5a1b3,unavailable,2017-01-26 16:51:32,registro,SP,,,,,,,On Time,5.0
7114487751b14b1d7f547fefba1eec75,76e697cd6a76cf072e9307fa9f4a6026,canceled,2017-11-22 19:56:37,campinas,SP,284.1,19.24,8e34d37d0547fe71f31302e48464eb73,utilidades_domesticas,housewares,,On Time,1.0
869997fbe01f39d184956b5c6bccfdbe,ba84da8c159659f116329563a0a981dd,canceled,2018-09-26 08:40:15,petropolis,RJ,,,,,,,On Time,1.0
92a0ba3943ad83671830b1091c606671,6ba3571c79296aa8f1ca7fc5b1b84b4c,canceled,2017-03-24 00:24:17,balneario camboriu,SC,34.65,15.56,c5897f6f2d995196dbb40542439da9b9,utilidades_domesticas,housewares,,On Time,1.0
8e96b092573364fa542b5c5fb3a9d9a3,3b05dd546557d202fbbe3c502fa3c009,unavailable,2017-11-02 12:17:17,sao jose dos campos,SP,,,,,,,On Time,1.0
c9e893d2e32f6ca9988b30669eb71e5a,8be2996a22e4884d9628a96d15b41c33,unavailable,2017-02-06 12:02:23,sao bernardo do campo,SP,,,,,,,On Time,1.0
aaf3ed5d59c660ed5b94eb2dd4103ea0,a2c18eec54a2fa6cfa424bd3266d584f,unavailable,2017-10-07 14:01:14,cabo frio,RJ,,,,,,,On Time,1.0
a2dd87f10cd0b3cdb73c6ba52e333250,0795cff5bef0159340da9d6f7aeeb99d,unavailable,2017-10-11 18:51:26,itapiranga,SC,,,,,,,On Time,2.0
91663de20f19686d62e4dbc0087fcf62,49784e2f4161d95a96581b5d49d1594f,unavailable,2017-07-08 09:55:28,rio de janeiro,RJ,,,,,,,On Time,1.0
b635cbb9f7c2bc5de438f7429b8490e5,660f3640907ce2cd4742caee5ddf14b7,unavailable,2018-07-31 11:26:30,niteroi,RJ,,,,,,,On Time,2.0
66418c06e5f1b83ea04c3d1a7221db5d,6624e5feedfd9d66cc59050f3e6825f8,canceled,2018-05-07 15:02:10,sorocaba,SP,99.9,8.46,a2746ab0f7535d34316ed109d859d7f4,telefonia_fixa,fixed_telephony,,On Time,1.0
99b492e774feb838a15101dc48ecb6f0,a5bdd83dc32225fadcedd741693cede2,canceled,2017-08-03 11:01:10,sao paulo,SP,,,,,,,On Time,4.0
5347a99b50c4d33d2959dcce4e19641c,0cac80dfc61f278d2e0bc6ec9e740e9f,canceled,2018-06-19 22:39:33,mateus leme,MG,76.89,15.61,ddee1b747d9681ef016a78e77937e950,utilidades_domesticas,housewares,,On Time,1.0
4c5e883786df8d555be4dc12f11d3fe7,9e0ffa36cf3c57436d1e82ebc4b6f27d,canceled,2018-06-10 06:44:32,limeira,SP,112.83,9.14,615ee56e97eef79c2b855111d9434dcf,beleza_saude,health_beauty,,On Time,3.0
51375acfdef4d742df94640aa60d385b,23b8272c10c49458eac0b8626f0666ca,unavailable,2017-10-06 19:37:46,redencao,CE,,,,,,,On Time,1.0
f747f82cd6f4094876b1df81c7a50145,73b9be48e66e9a9c1cb713bf97c4cf1e,unavailable,2017-02-22 10:06:32,maringa,PR,,,,,,,On Time,1.0
5c4e4e1d3abaee058758731094e9a7cc,5192c897072033288df55bd01b0e5737,unavailable,2017-12-04 10:49:52,juiz de fora,MG,,,,,,,On Time,
05da04fd9f94dfb49fd643216d2cbe1f,c46e73e2dcd78c07869a4772469e9d3e,unavailable,2018-01-04 11:33:15,itabuna,BA,,,,,,,On Time,1.0
8e4090f70c05cc129247bc0edc095dbd,30022ac0c29256b11a4f82a5a58d9e35,unavailable,2018-04-02 10:32:19,sao caetano do sul,SP,,,,,,,On Time,1.0
032cf17f7a713287e46999fddea6051b,b0cfaead61116dafe5fc20f4c9a91754,canceled,2016-10-07 12:21:07,rio de janeiro,RJ,,,,,,,On Time,1.0
ba43195b0f997630dab0e5b6dae0a6ab,60388892b3a10e0ea526461023be6fbe,unavailable,2018-01-12 12:30:21,sao paulo,SP,,,,,,,On Time,1.0
5f416901ed4850dea2341b0c8cf6fde7,3d20f9eb3b573ac7c42e3888c339467f,canceled,2017-11-05 17:40:04,piratininga,SP,865.9,32.61,059fd0cc43081303f7c0d7770ab53d52,esporte_lazer,sports_leisure,,On Time,2.0
f86d7bc39aab05299691322044b63bb2,a0931a30dcf7e2106f0939b799c54321,canceled,2018-08-13 18:43:06,porto velho,RO,,,,,,,On Time,2.0
24f686e03e134195c83dc3e2b6bf4cd0,6d81b879b9a6c571c5d5dba294c1f725,unavailable,2017-05-08 14:20:50,tres coracoes,MG,,,,,,,On Time,1.0
8db43b1e3642a3227063d2517b63ecbe,56919b5c5f7f68e62af8bda2500936fe,unavailable,2017-03-24 14:35:51,sao jose dos pinhais,PR,,,,,,,On Time,1.0
aed5fd4c4ada58504679761465a6486e,910049a37deee265cbf313d8fc77df7c,unavailable,2017-07-07 10:48:37,salvador,BA,,,,,,,On Time,1.0
f7f1e7aa2dda713297141d80375e9509,d8748691ef75ce7aec171f86ce13c4c5,canceled,2017-08-12 19:53:24,belo horizonte,MG,159.0,55.38,418b40c9e83b7e5ac79e4a7ef975ebbe,eletrodomesticos_2,home_appliances_2,,On Time,
8b564962527dd053cfc85c8fc98ad1df,ec3ab0699881efd1743623c05e1f7ad6,unavailable,2017-10-09 16:38:21,porto alegre,RS,,,,,,,On Time,1.0
ee8e24472be0999597648d72577ae895,e405bba744ccab8e82ff39d08b954fcf,unavailable,2018-02-11 11:23:28,bertioga,SP,,,,,,,On Time,1.0
9cb560230b18aed833770219fd165e16,f988e05b9c8653f57178a723dc42cfe9,unavailable,2017-07-12 18:26:00,osasco,SP,,,,,,,On Time,1.0
6dd0cc64fed627388bf95943af884f70,b8b3c435a58aebd788a477bed8342910,unavailable,2017-07-10 14:17:01,arroio do sal,RS,,,,,,,On Time,4.0
ccb48770165d34335e1d156d6d2c6ec7,0b3b4176e5e04483b5a478e0329e3b82,unavailable,2018-02-15 12:39:44,sao luis,MA,,,,,,,On Time,1.0
34b3d6f518fb789c443e4ec00f9bb0ce,57668c60f87bc896997917dace48bcac,canceled,2017-05-25 13:07:50,virginopolis,MG,53.4,17.62,3ea32f63a6aaf8d467e543dedf434ee7,automotivo,auto,,On Time,5.0
34b3d6f518fb789c443e4ec00f9bb0ce,57668c60f87bc896997917dace48bcac,canceled,2017-05-25 13:07:50,virginopolis,MG,53.4,17.62,3ea32f63a6aaf8d467e543dedf434ee7,automotivo,auto,,On Time,5.0
34b3d6f518fb789c443e4ec00f9bb0ce,57668c60f87bc896997917dace48bcac,canceled,2017-05-25 13:07:50,virginopolis,MG,53.4,17.62,3ea32f63a6aaf8d467e543dedf434ee7,automotivo,auto,,On Time,5.0
34b3d6f518fb789c443e4ec00f9bb0ce,57668c60f87bc896997917dace48bcac,canceled,2017-05-25 13:07:50,virginopolis,MG,53.4,17.62,3ea32f63a6aaf8d467e543dedf434ee7,automotivo,auto,,On Time,5.0
34b3d6f518fb789c443e4ec00f9bb0ce,57668c60f87bc896997917dace48bcac,canceled,2017-05-25 13:07:50,virginopolis,MG,53.4,17.62,3ea32f63a6aaf8d467e543dedf434ee7,automotivo,auto,,On Time,5.0
1f66f9bfd244a5383aeb00a84ad12a66,9eecbc54a48d750ac6762ab31477fb9f,canceled,2016-10-10 10:49:54,anapolis,GO,,,,,,,On Time,1.0
d05d7ff2f99a1360d7a4e4c902eee05f,b781537412012c84c120b0eec609a9df,unavailable,2018-03-28 10:43:54,barueri,SP,,,,,,,On Time,1.0
ba6d92892febc6a5ca2dbae073427911,cf37f7591945eef29f3d779681819f27,unavailable,2017-09-23 01:41:20,santa barbara d'oeste,SP,,,,,,,On Time,5.0
c306eca42d32507b970739b5b6a5a33a,00172711b30d52eea8b313a7f2cced02,canceled,2018-08-13 09:14:07,jequie,BA,,,,,,,On Time,4.0
edefc0fa09c98cc491e9d2cf95ee4a5f,f019bdb8008924769fe88319cddedda9,unavailable,2017-02-12 20:05:08,itanhaem,SP,,,,,,,On Time,1.0
19bb130ea3cc2dab25b3bcf2097aa462,c4bb14eb428bc80c837bc11e89d1ec6a,unavailable,2017-07-19 15:00:02,esplanada,BA,,,,,,,On Time,1.0
4637ca194b6387e2d538dc89b124b0ee,968fac81e2c44fb6c1e3ac2a45e6a102,canceled,2018-09-03 14:14:25,sao paulo,SP,,,,,,,On Time,3.0
f3bd213a969549dd53ed48872f4bb69d,d6195c3831a4ec5af9eedd91e58b49a6,canceled,2017-09-22 21:15:18,rio de janeiro,RJ,500.0,20.75,b8d682ed9fe73be0d13a38e716573f79,consoles_games,consoles_games,,On Time,1.0
33d8795f04dd631f3480d7aaf90da3dc,9eb7d30b5661dd9e5e2333954d84e02a,unavailable,2017-07-07 21:17:36,timburi,SP,,,,,,,On Time,3.0
16547d000ee8f177f45827613e2a17f3,e892e5924e6ce2d1b684a926b4f7e258,canceled,2017-03-21 21:16:22,caibate,RS,18.99,16.05,a00a22560435cc439faf6163eabc1ef8,telefonia,telephony,,On Time,1.0
16547d000ee8f177f45827613e2a17f3,e892e5924e6ce2d1b684a926b4f7e258,canceled,2017-03-21 21:16:22,caibate,RS,18.99,16.05,ae9b8e8d0dcd7ca369276380ee8ce659,telefonia,telephony,,On Time,1.0
7fd4b0e047195ca197c3660772a8d8c0,481c59a1f6bafb63320f101c013e6784,canceled,2016-10-08 07:02:33,rio de janeiro,RJ,,,,,,,On Time,1.0
ff71fa43cf5b726cd4a5763c7d819a35,a2592dc4cd6eb20010c6002ccfa05b90,unavailable,2017-07-19 21:53:57,dracena,SP,,,,,,,On Time,1.0
c8c528189310eaa44a745b8d9d26908b,6ba987d564bad1f9da8e14b9d3b71c8f,canceled,2018-08-28 20:05:14,sao paulo,SP,,,,,,,On Time,1.0
adf7aaadebc68680921043015e141781,ae55a9f971dc788a3285d257a2abacc5,canceled,2017-05-15 09:06:16,presidente dutra,MA,140.0,43.39,94ea362da29f43390e967e874c6fa842,esporte_lazer,sports_leisure,,On Time,1.0
8cb7144be7be61b57614e79ece54a225,1df8895db94ca03e3d0b66727b33b12a,canceled,2017-11-14 16:47:06,rio de janeiro,RJ,33.99,15.79,65d22d2cf890edf9cfa3bbd5e8cb2371,livros_interesse_geral,books_general_interest,,On Time,1.0
53ec902459673efbbcb34dec981931d3,5dded311dc99f60b9ed5361b76a7bf82,unavailable,2017-07-23 22:47:19,aracaju,SE,,,,,,,On Time,1.0
e40d0c72305e1f0be6925df1e4378221,996eb644658f838b44eae50e22a48a70,unavailable,2017-11-03 20:21:30,nazare,BA,,,,,,,On Time,1.0
9bcddf79e9ba13cbf6c32e0916bd42d7,bd2c23121fe6f1c285418e8755cb0296,canceled,2018-02-19 15:44:34,sao paulo,SP,49.99,12.69,893286a6bb8c754b4c7082d8705e6443,brinquedos,toys,,On Time,1.0
13a60be94bc36bf7c5f1e0a849cdd6e4,3c194b4ca2219ebcfa234ba116d87954,canceled,2018-02-19 10:56:33,itaborai,RJ,181.62,17.52,62298e8302e154172f8904c0c2fc620d,moveis_decoracao,furniture_decor,,On Time,1.0
fc20b8e282da6f3fbcdd3a3cedecb723,5aad27a7b4f74b1c3389d56c74db1057,unavailable,2017-03-01 10:02:02,mafra,SC,,,,,,,On Time,1.0
adba6d04acdb64b6df4751a0e639dfd9,9ea675ae7d2fc65e2c62316827118da0,unavailable,2017-06-20 17:53:16,rio de janeiro,RJ,,,,,,,On Time,1.0
eea28ef28b84c9907e7417c41813bd34,1b57eee21c47dbcd808f23d6f5e50957,canceled,2017-10-09 15:46:07,goiania,GO,899.0,21.05,f3466e14c29ba0ba18ff6362c94ecdfa,relogios_presentes,watches_gifts,,On Time,1.0
fe87d4b944748f63ca5ed22cc55b6fb6,876e013b5aba25a55b55a4d5670ba831,unavailable,2017-12-05 09:20:36,sao paulo,SP,,,,,,,On Time,1.0
84002f994c72707b99788fbbc6f72f3f,33ade37d08660bd52dea92886d836cec,canceled,2018-06-29 09:20:04,sao paulo,SP,42.0,8.03,2c0c951471371afa81e47d7bf8d20522,telefonia,telephony,,On Time,1.0
6ef587afa4703fd874edb7ade8efc7b0,0752bf9fd00b450d026b1e485490b406,canceled,2017-11-18 02:39:31,santo andre,SP,8.5,11.73,7f776a76a6dce545729c997e60240ffa,Unknown,,,On Time,5.0
b4c4b76c642808cbe472a32b86cddc95,5d0a2980b292d049061542014e8960bf,canceled,2018-07-12 12:08:36,goiania,GO,2299.95,104.77,3db0b74faf0d26a6b252528659d6b849,cool_stuff,cool_stuff,,On Time,1.0
b4c4b76c642808cbe472a32b86cddc95,5d0a2980b292d049061542014e8960bf,canceled,2018-07-12 12:08:36,goiania,GO,2299.95,104.77,3db0b74faf0d26a6b252528659d6b849,cool_stuff,cool_stuff,,On Time,1.0
33e13c48e5883f2a3ae2269bf57650c7,cfc8d9c0287ded52a81b90c102827129,unavailable,2017-12-22 12:41:34,goiana,MG,,,,,,,On Time,1.0
e9c9e163bd9e8a23c5afab293ed676e2,b0154dbf6744c6b1950c45f23e5a27ee,canceled,2018-02-21 10:27:40,sertaozinho,SP,159.9,14.14,54a3b009ede4097eff76990e0fa8553c,esporte_lazer,sports_leisure,,On Time,1.0
5bd5f0a2e24b51f1d1d6e855f9f03e3d,6ab96520c4d541ad1f3e3e376bc2fd67,unavailable,2017-09-05 11:45:52,braganca paulista,SP,,,,,,,On Time,1.0
dce845cf61098865d01085518184dbb9,3fcc50bc5c467b2e71ea7c00a790829b,canceled,2017-07-12 18:10:57,nova iguacu,RJ,69.0,17.73,177d3d5bb9d4d29222a222e3b3554f41,papelaria,stationery,,On Time,1.0
95e6053477d7169c64e6a34a3e329cb7,ccd1d932428f7e3f89424eefb30f16e0,unavailable,2018-05-21 13:41:14,limeira,SP,,,,,,,On Time,1.0
e8e186c0ebe18282aada53c56e7da34f,fec36733d170d71e390acde47d74c6d6,canceled,2017-05-02 07:34:35,vitoria,ES,,,,,,,On Time,2.0
ef32bb24f4e81a29a305e5285c8d3d34,073037acc049d2be44730a7e39836046,unavailable,2017-12-19 13:11:08,sao paulo,SP,,,,,,,On Time,1.0
bd443caeb1873dd616185acf5162d26c,33da82c72ed0a42729bfc5473c0285b6,unavailable,2018-03-21 09:23:07,toledo,PR,,,,,,,On Time,1.0
c4ca4450ac2974ba5eeb4832b7ec724a,cc14ea7099959d91a17c9d7c3a46721d,canceled,2017-05-12 10:28:30,linhares,ES,117.3,22.92,a50acd33ba7a8da8e9db65094fa990a4,automotivo,auto,,On Time,5.0
c4ca4450ac2974ba5eeb4832b7ec724a,cc14ea7099959d91a17c9d7c3a46721d,canceled,2017-05-12 10:28:30,linhares,ES,169.0,30.24,98d61056e0568ba048e5d78038790e77,automotivo,auto,,On Time,5.0
6d9bd9b4caa7d961a6d31427ad0e557e,19046f948d6229d3152989f959827c99,unavailable,2017-11-24 17:45:10,teixeira soares,PR,,,,,,,On Time,4.0
114e0ad5d9cd8931d7541e1331bdb503,bb89b8175e4a67cd65ae68b14f33f5f3,canceled,2017-08-14 10:44:51,caxambu,MG,69.9,14.22,5b59b0c94f8e31d14fe89dbbfda3df6c,cama_mesa_banho,bed_bath_table,,On Time,5.0
a9cc8ce28b99a1cc075cb04ab19010c7,c036799f1b7d9832bfa372f83278182a,unavailable,2018-01-19 02:48:54,curitiba,PR,,,,,,,On Time,1.0
c83eba0508195fff1529210cfe30385a,ec60091db1b1606d1dc8969a48cada6c,unavailable,2017-07-12 11:25:47,farroupilha,RS,,,,,,,On Time,1.0
54b56f2389dee113344da742da7890c9,42cf0291d47b6ff1550936fc9641ea04,unavailable,2018-02-12 17:36:31,sorocaba,SP,,,,,,,On Time,1.0
f184018d4bdb5a578d594906fdff974e,b203f4dc9d1931b0000aab2d69f92920,canceled,2017-07-25 01:55:52,barra do pirai,RJ,33.41,15.1,aa95bee0592e05d2ef533b8e5b7236b3,ferramentas_jardim,garden_tools,,On Time,1.0
4b3b5fc7398939e35a47fe5a8c0be5cb,b280cb12c18322209818778be35fdbae,unavailable,2017-11-24 03:10:55,sao paulo,SP,,,,,,,On Time,3.0
0f3b2951a363f6a201ad23e3ce2c0313,962187a437025c984c621276aad55fb8,unavailable,2017-11-23 00:07:09,belo horizonte,MG,,,,,,,On Time,1.0
4bbe949608f669144f0db3f8cde75cd7,15cffc93f0140fc9ec902e712b80472f,unavailable,2017-09-05 14:22:59,rio de janeiro,RJ,,,,,,,On Time,5.0
9c77f06d1dbb94007e708e9aba680a03,7fd5c42cfb53d4a0fc29e6e121149014,unavailable,2018-02-10 16:00:05,santo andre,SP,,,,,,,On Time,1.0
51b00c5a9b0224f467f74d55424b4235,282612d97acdd764b6e12ea19a426eaf,unavailable,2017-07-09 11:20:12,saquarema,RJ,,,,,,,On Time,1.0
f4a8cf5dcabdbe8dd7e65e1674db3015,a56768e9c1e5962bf3790ca526532042,canceled,2018-01-21 23:26:18,sao paulo,SP,,,,,,,On Time,1.0
a31ecde4565b9e5e70a4ac17fb47174c,52cf485027691709f7b6124df189763e,canceled,2018-01-29 21:55:59,ribeirao preto,SP,26.8,12.69,eb15361fe97df32845dd225073d56db3,bebes,baby,,On Time,1.0
8256266a3e79c5c11593977b92fe7b1a,30057710f699e666b130e5a742657a8c,unavailable,2018-01-18 17:02:04,sao paulo,SP,,,,,,,On Time,1.0
4551b488487e6cfa31f9e35073d3c5d4,eec95eabca2b8d033e1d36ad86ad688a,canceled,2016-10-09 12:43:21,barra mansa,RJ,87.99,16.61,1e571e871a93944c5c48e6226f2cd94e,beleza_saude,health_beauty,,On Time,1.0
16b812958d1a00bb75c3256b05b5a632,39e441e925537ef195f789be824ffc07,canceled,2017-11-21 18:20:28,sao paulo,SP,86.9,9.42,82c51ba64f7f73653ca5f5d2947d0464,eletroportateis,small_appliances,,On Time,2.0
1762aa0ce22469c003348a42e46f5269,0d3dffd69d083ddf89984123a08d9c9a,unavailable,2017-08-20 19:52:24,ourinhos,SP,,,,,,,On Time,1.0
1c3a814fa046dc2f684276b1ca26786e,7d373e92dd3086b4c37e9868fc8999c1,unavailable,2017-04-11 08:25:26,bauru,SP,,,,,,,On Time,4.0
24b425b6d0f061fcb84c1832d221e3bb,c77179ecbc53339bb8c1448f566c6bbb,canceled,2017-08-22 09:50:59,capanema,PA,,,,,,,On Time,5.0
a9569e5470a944e2c8787ab08b6e26ed,3d2906056c2f9ba0c2c955474fb6854f,canceled,2018-07-20 14:04:13,limeira,SP,36.9,9.01,37c599910c4de68c0bf1af0c6428ab1c,moveis_decoracao,furniture_decor,,On Time,1.0
e2557098c56afd06a929b32a63b5f856,cf3609bfe6a3755c07c5a3688c55d18e,canceled,2018-03-01 15:20:13,rio grande da serra,SP,94.99,8.86,388a6943ef1d99b81f642a0137bfa5da,beleza_saude,health_beauty,,On Time,1.0
93aa3d58f7f2a97010801f8ff8dc45a5,6a1ff37aa020ee71c9e359413e553826,canceled,2018-04-29 10:04:24,sao paulo,SP,109.0,12.67,f7e2c966e1db5f57d218c530464c38da,esporte_lazer,sports_leisure,,On Time,1.0
bfcec6fcc6a68c5505537bb8a0a38039,15d2493aa522c1040d639aa74bd1fb31,canceled,2018-03-20 19:22:08,sao paulo,SP,125.0,14.96,58bef3ad35aed45b92cf03510e6cf5ce,esporte_lazer,sports_leisure,,On Time,1.0
966f96af9d189dc428ff04ebbca821b8,36f1caf9bdbb0f6201dfdc27a08c6338,canceled,2016-10-04 20:41:45,campinas,SP,129.9,12.44,112dad9870ca76046f327b9c08f00b29,brinquedos,toys,,On Time,5.0
0a5c74ccc786ced7903270de9d6c170a,db6232ea09754a4b150da1dafb82fe45,unavailable,2018-01-18 23:14:36,sao joao de meriti,RJ,,,,,,,On Time,
a37ddd895baf6a663cd42465aa1a1d10,4109d1ec56460d34187c78d7f010ef18,canceled,2018-07-03 23:02:29,sao paulo,SP,84.89,8.33,3f14d740544f37ece8a9e7bc8349797e,informatica_acessorios,computers_accessories,,On Time,1.0
8076135356d195170fe9f8d5698182c4,ed271e3b9d6f49efda026f88ef06dcf6,unavailable,2018-01-03 21:56:47,teresina,PI,,,,,,,On Time,1.0
8ae36ddb0c9660dabf5341488efb2a30,a20b89a4159ced7cda2525202c2eb5c2,unavailable,2018-03-03 12:02:45,carapicuiba,SP,,,,,,,On Time,1.0
4b460251c3d2ba44dd61b0b6c3410ac6,3d7bc770cfdbe423eb80de6893a8e05e,unavailable,2017-03-27 17:19:37,belo horizonte,MG,,,,,,,On Time,3.0
6ad336dba0613cde0e5717f50dc8c669,10246c1deb72f0dac263516219a06bd4,canceled,2018-01-25 17:18:26,belo horizonte,MG,69.9,16.93,ae52eeb8383b94455f0a08b1f88ad002,informatica_acessorios,computers_accessories,,On Time,2.0
a7e225997eea4fd0df0db35b52bd9d0e,acb49f33f41c9172f5005caa679cfa9d,unavailable,2017-12-02 03:21:27,trombudo central,SC,,,,,,,On Time,1.0
69c49491c1300f416d32e8bedc9f8907,7f30495af3c648abb809b674749e4f1c,unavailable,2017-10-26 10:35:27,sao paulo,SP,,,,,,,On Time,1.0
808c7c69c2778bdf4689eee0286e2bef,22af178809fa6887af2cc4f7d7bdc0bc,canceled,2018-02-22 07:57:07,sao paulo,SP,12.99,9.34,5c3eaf54e8ee5d5378765ff16df7640b,moveis_decoracao,furniture_decor,,On Time,1.0
808c7c69c2778bdf4689eee0286e2bef,22af178809fa6887af2cc4f7d7bdc0bc,canceled,2018-02-22 07:57:07,sao paulo,SP,12.99,9.34,5c3eaf54e8ee5d5378765ff16df7640b,moveis_decoracao,furniture_decor,,On Time,1.0
808c7c69c2778bdf4689eee0286e2bef,22af178809fa6887af2cc4f7d7bdc0bc,canceled,2018-02-22 07:57:07,sao paulo,SP,12.99,9.34,5c3eaf54e8ee5d5378765ff16df7640b,moveis_decoracao,furniture_decor,,On Time,1.0
808c7c69c2778bdf4689eee0286e2bef,22af178809fa6887af2cc4f7d7bdc0bc,canceled,2018-02-22 07:57:07,sao paulo,SP,12.99,9.34,5c3eaf54e8ee5d5378765ff16df7640b,moveis_decoracao,furniture_decor,,On Time,1.0
808c7c69c2778bdf4689eee0286e2bef,22af178809fa6887af2cc4f7d7bdc0bc,canceled,2018-02-22 07:57:07,sao paulo,SP,12.99,9.34,5c3eaf54e8ee5d5378765ff16df7640b,moveis_decoracao,furniture_decor,,On Time,1.0
808c7c69c2778bdf4689eee0286e2bef,22af178809fa6887af2cc4f7d7bdc0bc,canceled,2018-02-22 07:57:07,sao paulo,SP,12.99,9.34,5c3eaf54e8ee5d5378765ff16df7640b,moveis_decoracao,furniture_decor,,On Time,1.0
7ef8671acf9060d60ac3eb8616a99627,4be7401277e805bf714401f604eac2aa,canceled,2018-06-18 23:29:27,cabo frio,RJ,229.9,59.69,1ec5253cf0b6d3a31b822770cfa139b5,utilidades_domesticas,housewares,,On Time,1.0
ccac33950ffc27cb905dbcdfb099494a,8141dd1e051afe7d72079570fe72d5f1,unavailable,2017-11-26 02:13:57,sao paulo,SP,,,,,,,On Time,1.0
2e287cee637969033ec9ab49602e61ef,2a80d0e64a7056796f27b4f0cb909182,unavailable,2017-01-30 15:48:53,balneario pinhal,RS,,,,,,,On Time,3.0
8cacf6d8c088e18ca96ee6d5a138461b,e28d3bf5a02fc92d400c59b18bb4cef3,canceled,2017-05-27 22:42:30,alegrete,RS,,,,,,,On Time,1.0
8652f7789fe1585b439154b7ae0f4285,c08d50ebad8af78e09c3bbd5d413d445,canceled,2018-02-20 14:49:42,nhandeara,SP,35.0,11.85,054515fd15bc1a2029f10de97ffa9120,esporte_lazer,sports_leisure,,On Time,1.0
d9258776ebce96efd9811c6554d12726,74738abd21e12b3b30e46ba97d978d59,canceled,2017-10-20 19:35:47,sao jose,SC,,,,,,,On Time,1.0
383bb8b07361166ea86f3f4b51e96ff7,f9fafec759ae13336c5d3c942aa86a39,canceled,2018-03-15 10:12:28,porto alegre,RS,,,,,,,On Time,1.0
d5fe6827cc4a6ce0562e5e116c627839,87a50a42cb02eb14e66bbe671af9c279,canceled,2017-06-22 17:52:25,sao paulo,SP,169.9,19.43,42629edd68bffc7993ce24e1a86ebc96,esporte_lazer,sports_leisure,,On Time,1.0
2cef7c298050b8d6865e77d071529770,ffc4233210eac4ec1711a8b847196d4e,canceled,2018-06-19 14:56:02,araraquara,SP,86.42,8.35,5d790355cbeded0cd60e25cbc4c527a2,informatica_acessorios,computers_accessories,,On Time,4.0
2982a4a9b9ff0bf9a4f5b88a45a6fa67,aace59eb5e6e0849953e1bdb841e1997,unavailable,2017-03-06 13:52:04,maracanau,CE,,,,,,,On Time,1.0
2b020fc22c27548cc22ee8447edad356,15d1c313b6721f3ecc985a3832c6b757,canceled,2017-08-02 14:08:18,jundiai,SP,91.71,15.39,860a24fe5502e492593ec000b1c33559,moveis_decoracao,furniture_decor,,On Time,1.0
485a9b5ac4906bb7eaac99931164c87b,4346ad9d11bac1699d9e6e10d5736779,canceled,2017-08-09 12:56:51,cabo frio,RJ,248.25,17.5,0f67b4ef3dcb82c257f9f14b6f694ccd,relogios_presentes,watches_gifts,,On Time,4.0
342505ef4323f0572eda009be6080f6c,c37849bc1927eb72fd439c7f28c38be6,unavailable,2017-09-11 18:49:07,americana,SP,,,,,,,On Time,1.0
860455aa7b45766b3d33b051cebc6e27,8cfc5350efe3bce6a0d6f96fbaf2c3b4,canceled,2017-05-14 21:16:54,claudio,MG,26.9,15.1,856af50654f3ba4a223ae9b5b8d243c0,telefonia,telephony,,On Time,1.0
8c6e16dc21c114e69bdf0d21386241eb,d8e317f6fe8e1c0100dc2e407b1507a2,unavailable,2017-11-14 15:10:43,uruana,GO,,,,,,,On Time,1.0
25fd9ab410ed941187c41224aaecd049,b2bb87ebda9c0aad99e72716de580b63,canceled,2017-07-11 12:51:03,cruz alta,RS,240.0,39.52,5d42919d908b17ec1848699d89e2bace,bebes,baby,,On Time,1.0
7b862ac7558f536ca1c6f388f21d22d5,fc8e0f02248422f2069660bd2f08a3ef,unavailable,2017-10-06 21:30:34,sao jose dos campos,SP,,,,,,,On Time,1.0
7622da48f027d5659a0d7b0a43597354,d56f9a7da9e4ce820e0478115ce287b8,unavailable,2017-07-09 14:27:44,praia grande,SP,,,,,,,On Time,1.0
4f1743c0fc4465b3df1209280e727fa6,fa230c2d335d24b666868f28388e3845,canceled,2017-08-11 13:17:36,goiania,GO,899.9,80.43,b0c7a71c8620bd389e240f63a507dc50,livros_interesse_geral,books_general_interest,,On Time,1.0
83630f2412ec5ad7dc40991d1225e93c,78b76655676933803baa26f6e09a8ed6,canceled,2018-08-14 15:26:11,osasco,SP,42.0,8.45,7174375d5bea2b7612929eae33df48d1,beleza_saude,health_beauty,,On Time,1.0
2429083883078c31cf2337ce0dd425ee,982efbf8c3668f63533fa77688dfc5c5,unavailable,2017-07-06 19:25:55,sao tomas de aquino,MG,,,,,,,On Time,1.0
ee38b45af2d4e705a88a37af7f0cda97,25c00b3bb56030f1ac1f254da33f3b0c,canceled,2017-12-31 12:12:02,nova friburgo,RJ,44.9,7.94,3e0ef3ff4fc511b36e717b18a3d080df,livros_interesse_geral,books_general_interest,,On Time,1.0
e697685891b55205f61d598d64db1c1f,42f791f74ef1f0e1befd3eb3f117c8c2,canceled,2017-11-06 09:05:48,indaiatuba,SP,229.9,14.16,218f5d32f520df3b8517cdd86da09466,esporte_lazer,sports_leisure,,On Time,1.0
29380cfab5f9f5f233e2c71e16cadc68,df19c809342ecae8391e68dccf16fc8f,unavailable,2018-05-09 16:55:09,sete barras,SP,,,,,,,On Time,1.0
d66296945273987f899b24ce13f32f81,1efbebfd060752700e4f64aa096396b8,canceled,2017-11-02 18:11:24,bilac,SP,29.9,34.15,74c355c68504e6c4fbd038441ad49ff0,cool_stuff,cool_stuff,,On Time,1.0
ec07c952b2e699cd885db38a3c9362f9,c5877771ec620bea58cd167a3ddc1adc,canceled,2018-03-29 23:27:12,teresina,PI,84.99,24.72,4c2394abfbac7ff59ec7a420918562fa,beleza_saude,health_beauty,,On Time,1.0
fc8121263d345c1d739f85edda7be0cb,2b5d4d8209646f5801fc85e3e7a83ae1,unavailable,2017-02-18 23:41:47,ponta grossa,PR,,,,,,,On Time,1.0
fb4ea753f638936f56b4df5d03dc07bb,fd05b6e021b7593e665f0496aece3123,unavailable,2018-01-13 20:11:23,londrina,PR,,,,,,,On Time,3.0
48f2d0b950703bfb145b7c3c0641b4bb,6dde57240c2e18d525327e76aa288b65,unavailable,2017-08-30 01:21:05,sao paulo,SP,,,,,,,On Time,1.0
a9c6c0298a1b91a7e66a387df066e225,93eac6e21b2113a6da9ab2aaec1eefba,canceled,2018-03-19 19:10:23,sorocaba,SP,65.0,12.89,2eb72d11643aaae8f92fafc9296674c8,esporte_lazer,sports_leisure,,On Time,5.0
b715c631fdd01580d9de3ed3759523c7,a7793f6986d36509f3b85fcab9dfb591,canceled,2018-02-17 20:24:59,sorocaba,SP,,,,,,,On Time,5.0
2b941f8e6ff81158a52de44909dc2a52,d2ca66cf81d78df6cd00d3a76b00fb75,canceled,2017-04-14 19:05:05,macae,RJ,,,,,,,On Time,4.0
a91e25d9e242b0545cddf83a2bb46954,89b201f39bd34454f3ecb4f0a3940c91,unavailable,2017-02-01 13:27:48,sao joao de meriti,RJ,,,,,,,On Time,1.0
46c25d5c696b53935b00b3e3fa555d20,77ced396b1d502959b7ddb36c8377fc9,unavailable,2017-06-29 19:41:31,sao paulo,SP,,,,,,,On Time,1.0
402e0a2ad64d2f2b8f0d06d436789aca,34c7a4691f12a546b18e4a684f13bc55,unavailable,2017-10-21 10:58:06,registro,SP,,,,,,,On Time,2.0
19bbda1f882b3aeddba973e935519905,1a674d0bad43d5b5c387fce838e4c428,unavailable,2017-11-03 22:26:44,ribeirao pires,SP,,,,,,,On Time,1.0
e55fa3385fa77f6be6a0041c5daf2fb6,57ab30ac5f9bf8b1e23bb1732aabc91d,unavailable,2018-08-01 03:54:30,santana de parnaiba,SP,,,,,,,On Time,1.0
3cd41dc7c9fceb7de4fb0e9983a4b1ed,9f7422ba57a5cebbbe7d16dce355b191,unavailable,2017-10-10 23:49:13,santo andre,SP,,,,,,,On Time,2.0
ab6d84885a2b1513ec4035973c08460f,137e913dbccff4c84e57736bad9bff23,canceled,2018-08-04 10:54:42,americana,SP,23.0,8.91,62a1ce72d0ae030be91a89a46480e1f6,automotivo,auto,,On Time,1.0
1612081119e8f23745698ad3367cc14b,1150664499f22ea0d558af89a2c053fc,unavailable,2016-10-05 18:06:48,atibaia,SP,,,,,,,On Time,1.0
1fda9a8d1632a5964c43fb8e64dbe3e3,40317a394c047692f51599811ba5234c,unavailable,2017-11-07 19:54:22,diadema,SP,,,,,,,On Time,2.0
24f07a52ca6b749c618b46ddb2e94b8a,9ddb8d6d1c39e9a65b77e3c1b89752dc,canceled,2018-01-30 09:39:05,salto,SP,35.99,12.69,e27e689c4ce425f2fe7e2a270fd4d2db,cama_mesa_banho,bed_bath_table,,On Time,1.0
a3ed0979ab701d548275a0f5c844c635,48c26048ebd3e3ba5164d28018687996,canceled,2018-03-05 14:37:03,sao paulo,SP,45.0,8.72,77218fc106572162d14c91c0e4bfbcca,utilidades_domesticas,housewares,,On Time,1.0
ab46182a322cb6dc83f4138d4e5cd73f,3e0ecce6c61cd2e30f4e97c830c12713,unavailable,2017-11-24 19:49:07,sao paulo,SP,,,,,,,On Time,1.0
0d2c1a413f6aa3a36b8bb940b028f930,3ca48325f730fe5c46d32ac8dbe7c7c5,unavailable,2017-11-23 11:14:30,salvador,BA,,,,,,,On Time,1.0
f4366d9980e6fb925d2ed9a63d8a6e2c,82067c84e497a8991cb54b0be0a392e4,canceled,2017-03-10 13:52:02,belford roxo,RJ,258.9,15.98,c9da1aa6e29221a1aabf1131aa2134e8,telefonia_fixa,fixed_telephony,,On Time,1.0
77b8e495f75bbdf52e3a29bc46188eef,188816aec2d3b009c52e332f96a421d9,unavailable,2017-10-12 17:32:55,umuarama,PR,,,,,,,On Time,5.0
3a3aed58b078ba2d2105cd76ce7a76d7,043aee247e71edff7045664609f4d806,canceled,2017-05-25 16:12:51,jales,SP,,,,,,,On Time,4.0
6e98de3a85c84ead6689189b825d35b5,233896de79986082f1f479f1f85281cb,canceled,2018-03-15 10:07:02,ituiutaba,MG,,,,,,,On Time,1.0
53ee943d0767c9dc3922938b2550ab26,7894bf2707c4162024fd6866dda5043b,canceled,2017-09-10 16:41:44,sao paulo,SP,101.9,16.34,03bca689857bd64cc5c022221113db7e,climatizacao,air_conditioning,,On Time,1.0
80fd1b0b81771253d43532f41d575d39,9a43035d4b6746ba0ddc13b09b636d31,canceled,2017-10-29 18:02:37,lencois paulista,SP,,,,,,,On Time,5.0
0fb9645c128ac84788798f0129496ca7,176c21456fab655afee57b3ea9799f47,canceled,2018-08-21 10:15:51,pitangueiras,SP,,,,,,,On Time,1.0
607c1c3f926d9435d428d7aa7d52a1ed,f4514fb16ee31d8873c1d97c91cb8653,unavailable,2018-02-13 21:40:28,vinhedo,SP,,,,,,,On Time,1.0
b90cc9e10252911c2092a1e49794aa13,aaf00c4cf40ae5b125c7f169dcce2fa3,unavailable,2018-02-07 11:42:41,sao paulo,SP,,,,,,,On Time,2.0
0ed61f5ab3280ff43b157a6e91942538,5cc22576ed6032e9dab0501f28f0c33f,canceled,2017-03-29 19:56:47,santa cruz do capibaribe,PE,366.5,37.19,1b34988d6060d833cbe3bf2bdeeb67ab,automotivo,auto,,On Time,3.0
33f11b444d480cee508b54f3cf17b079,be644febf72ce4766556be7295f940e9,unavailable,2018-03-02 16:48:27,macae,RJ,,,,,,,On Time,1.0
974f9f87a3bad01b2ac72fe987505e9b,e075305a11bf4cc09e8395bd97266a1e,unavailable,2017-06-09 20:25:03,araxa,MG,,,,,,,On Time,
8ab4ca9525e1f61c67972a13885d3b96,d48a64f4c9f7c622f722dc86cbc33f9c,unavailable,2017-05-09 15:29:35,sao sebastiao,SP,,,,,,,On Time,1.0
675b0980a1c53e959dc721b6e608997f,c4696db7fbedd4ebff6dc11a6d4fe3eb,unavailable,2017-08-16 21:54:45,sao paulo,SP,,,,,,,On Time,3.0
fdbbb1715d0c62c714e2a8178b95dd54,eea78edb87f2b1d88a973f29c5f49426,canceled,2018-05-20 21:30:58,sao paulo,SP,57.99,11.15,1b43b0a6105ffaa6dae01356daec2657,beleza_saude,health_beauty,,On Time,1.0
6d3130927406da969ab807821a93a65d,e882aac0b0623df0efb0a85a7ce9be83,unavailable,2017-02-11 21:39:55,carapicuiba,SP,,,,,,,On Time,1.0
1046c724dec8bc31545703d07c378073,f9e55e46bcdc6525fc9d01eb438f3371,canceled,2018-07-14 10:27:55,guarulhos,SP,23.99,7.43,389c7d7f59a980be2afbe84d648cd80f,utilidades_domesticas,housewares,,On Time,1.0
4ce5e2d15628c2277ca6ed81ee60f9de,68d891ce207863d0b5391a364d42cb6a,unavailable,2017-07-10 00:18:31,praia grande,SP,,,,,,,On Time,1.0
49c5132b03e35ffa18fdca050d1f8e33,b5225134133258cffdf3c41229cbfec8,unavailable,2017-10-30 23:52:49,sao paulo,SP,,,,,,,On Time,2.0
3f6509ff22303ff04b9bf1b2c8bf69c6,ce3476f1d88f3e8985329f6115981c1d,canceled,2018-08-13 19:21:19,sao paulo,SP,,,,,,,On Time,1.0
2d31315ad8289e1e63c8451715e80306,68f512f9bf47f2a0457f9521c4cfc45b,unavailable,2017-09-07 13:52:34,sao jose do rio preto,SP,,,,,,,On Time,1.0
5f2dbe00a1732133a6809ae1af554123,359328b5ede8c2758bc8f1740565dda3,unavailable,2017-02-06 08:18:30,sao paulo,SP,,,,,,,On Time,
56f251ca89f74d06076966d5d49b9dc6,681405a99faf3ac8afc2dc018a3f67bb,canceled,2018-03-01 18:03:33,carangola,MG,94.99,15.41,388a6943ef1d99b81f642a0137bfa5da,beleza_saude,health_beauty,,On Time,1.0
3a0fbe8fbdae776394cd93385366a4fd,04a46c134f7f3d15f7f4a20afbbd915f,unavailable,2017-12-12 14:23:58,jaguariaiva,PR,,,,,,,On Time,1.0
cbce204b327a87445b6e6c28e0c5bfb3,fbac3948da21dc052716e0659d9f228c,unavailable,2017-09-24 09:24:52,sao paulo,SP,,,,,,,On Time,1.0
b2fc127731e4fc8f7bd2d2c1898e59ca,4f49e4d666dcede7d03edb6040ebcd2a,unavailable,2017-06-14 10:31:55,sao carlos,SP,,,,,,,On Time,1.0
29b81e2d5bebb9616041efb0ebbc931d,414c39f83f4f28baac31864772bbf0eb,canceled,2018-07-20 15:37:38,praia grande,SP,96.35,13.97,2dc0d95288983b8c91627bab326284ae,beleza_saude,health_beauty,,On Time,1.0
a90966534748634cbb133383bf0eee68,c8d59d5edb075226a3266b61fdab3925,canceled,2018-02-01 16:49:17,sao paulo,SP,78.0,8.74,9b6537fef0e6b345c644e019dbe8ac1b,casa_construcao,home_construction,,On Time,
38b584be7174802377777bcd60e7a459,4eb6fcfd481ef3c2ab3afba135ef4bcc,canceled,2017-11-02 23:12:48,sao paulo,SP,70.0,7.78,624763d3909ffa36098f91ce1e458ed4,brinquedos,toys,,On Time,5.0
392ed9afd714e3c74767d0c4d3e3f477,9bb92bebd4cb7511e1a02d5e50bc4655,canceled,2018-09-29 09:13:03,guarulhos,SP,,,,,,,On Time,1.0
43f15e122ae8ae3eda33bf64b011c085,eaf1552608356865f1b0ced09c44366b,unavailable,2017-08-06 22:09:17,aguas de sao pedro,SP,,,,,,,On Time,5.0
66dbde751178d7674bd09f18b6d25006,6e591d9acd20df3d180db1b57c621e96,canceled,2018-02-05 16:30:33,teresina,PI,79.0,38.1,da0bb22eb8eb2bce31a3784570528efb,papelaria,stationery,,On Time,4.0
73745cfd1447d2cb71537b662d59b3b8,d0c00b017de45d1db2d7259f5ae2e340,unavailable,2017-07-20 20:02:04,rio de janeiro,RJ,,,,,,,On Time,1.0
20e87d0bc3b241dd3b4d34a6446d013e,0f2679dc549e2e577f730f60afb614eb,canceled,2018-07-05 17:01:31,governador valadares,MG,219.0,14.87,e3db46616e0d26551a86377bab9b0308,perfumaria,perfumery,,On Time,1.0
ee987bbabed0cc87dc5354eb2b661740,b91c400abb5a94fabc5161b214964eca,canceled,2018-07-30 11:19:52,pocos de caldas,MG,549.9,50.93,9523bf75c55cbbd31a79ea86a9157a39,eletroportateis,small_appliances,,On Time,1.0
4dd47e84e6b8ff4a63d0b8425e6d788e,e347a8d0bfec0255258cc913ed28d3a9,unavailable,2016-10-06 23:49:18,campos dos goytacazes,RJ,299.9,13.68,2aa489c905e1d41d8c716a6d6912d8c2,perfumaria,perfumery,,On Time,1.0
bf27902e7735a428c81f52189dec50e4,d0b4bdeef13a17452775286df858068a,unavailable,2017-11-29 17:42:13,biguacu,SC,,,,,,,On Time,1.0
5bca61e411c4fcce08327a8efc371911,587b326ba3bf8aa4d3e50fb1f38ea79f,canceled,2018-06-13 20:52:10,cotia,SP,388.16,106.11,fbe6d5795a52b760e25a4e9677a2e217,utilidades_domesticas,housewares,,On Time,1.0
e248283e6b8ba09b05efea1000d9478b,6f6e521d574ed02393ce4bab51b9a0b8,canceled,2018-03-03 19:20:13,sao paulo,SP,129.9,13.46,e976121c90262b3c9d173aaf4e03096a,esporte_lazer,sports_leisure,,On Time,5.0
edeae57fd6bee25e030ac14863a6ae0f,e374cc2cc1cb40c3dd3bc070a13665f0,canceled,2018-03-27 18:28:20,sao bernardo do campo,SP,6.04,8.88,e4d66ba222533f24e4d74a5d4c4846d3,utilidades_domesticas,housewares,,On Time,1.0
3bd3b4d482f916c2c9662b8da6f2758b,a4b4827ae7bcc15149ae31e25fbe1f95,canceled,2018-08-20 15:07:42,sao paulo,SP,,,,,,,On Time,1.0
791d454dd290baaf30d599c6183d7489,0b46b9ec6389756112397972156582ad,unavailable,2017-08-15 11:17:02,conceicao da aparecida,MG,,,,,,,On Time,5.0
d35703faec55cda0ceeb4f50a4d584ae,9ba58a98da1d0abf0bd1e422e06c9051,canceled,2018-07-16 22:08:56,sao manuel,SP,226.6,25.67,4444290d1f0ec9579d5b21dc589251c0,automotivo,auto,,On Time,3.0
d8bd004470081a1d36e3fc745cd96951,7025306e641522debb280ea50c977db8,canceled,2017-05-30 10:54:45,taboao da serra,SP,298.0,14.43,1d9c9e0532fb481c0f89c3b20cec62e6,cool_stuff,cool_stuff,,On Time,1.0
36cde427894b4797db8316e92b8e58f2,0c3dbe243398d9af58ac1a6d27cbe004,unavailable,2017-03-23 21:53:52,sao paulo,SP,,,,,,,On Time,1.0
41262f14e0abde70b2d3683fe4b257d6,5eeee5eeca922883fac818e432cb3f9d,canceled,2018-06-26 18:51:52,vespasiano,MG,77.0,15.61,4e298ec3bbc50cd5ae9f4b8ab064fa5b,utilidades_domesticas,housewares,,On Time,1.0
41262f14e0abde70b2d3683fe4b257d6,5eeee5eeca922883fac818e432cb3f9d,canceled,2018-06-26 18:51:52,vespasiano,MG,77.0,15.61,4e298ec3bbc50cd5ae9f4b8ab064fa5b,utilidades_domesticas,housewares,,On Time,1.0
0d5a676d302e3fd20182bd158cde4371,9c4abd5c7156c810c12f052f013ca0be,canceled,2017-11-29 00:05:15,guarulhos,SP,47.33,12.48,b31bf123505c6df8ab973f7c40caf4e8,esporte_lazer,sports_leisure,,On Time,1.0
aa7c3f20fab2d3cb0f76ab5165e47618,5df281f84513d9fb70a2145e036f24d8,canceled,2018-02-15 11:40:45,rio de janeiro,RJ,19.99,15.11,c8dc26795ea2ee96f3fa57453cd7667e,pet_shop,pet_shop,,On Time,1.0
00ff0cf5583758e6964723e42f111bf4,b9badb100ff8ecc16a403111209e3a06,canceled,2017-04-10 00:45:56,florianopolis,SC,154.9,15.25,bb1fe952bdc16ef8974d4ca11aec19b7,beleza_saude,health_beauty,,On Time,1.0
b7fa03eeccba341d5ab0dc86bfb1b08c,d7fb53d13ae254079b07326898c76667,unavailable,2018-07-28 18:42:13,sorocaba,SP,,,,,,,On Time,1.0
1118f05e23d1a8082fa47f8a377de658,2348acb8486ed639e2a7e9e2aa198d45,canceled,2018-08-07 15:05:23,itaguai,RJ,113.1,8.21,49f19939bc5c8639e06c36d3bf01ee98,brinquedos,toys,,On Time,1.0
1118f05e23d1a8082fa47f8a377de658,2348acb8486ed639e2a7e9e2aa198d45,canceled,2018-08-07 15:05:23,itaguai,RJ,113.1,8.21,49f19939bc5c8639e06c36d3bf01ee98,brinquedos,toys,,On Time,1.0
335f8f913a1d29120e07b6bb9847d73c,73febdb05d517b0ff5f969053349f1cf,unavailable,2018-05-12 15:28:13,sao paulo,SP,,,,,,,On Time,2.0
d859b40b1d9bb3cdd347358688bc3272,8caab5d8742e920b2a013d10cbe37d3b,unavailable,2017-10-10 12:55:03,carazinho,RS,,,,,,,On Time,1.0
4ed4fa202c468c14366fbf603c8698fd,6b619e0217dbe64b4cdc74160be64f2f,canceled,2018-07-29 00:04:04,jacobina,BA,49.9,22.28,37b975d07892522e3022d5f87abb097c,cama_mesa_banho,bed_bath_table,,On Time,1.0
8e572fc4edc8dafc89bb18bf812916e6,615e2b4729f14b2540218b24b4c4d8cc,canceled,2018-01-26 17:26:33,camamu,BA,95.0,19.91,ee75970e2871fe4204cf7bcdda61d08a,informatica_acessorios,computers_accessories,,On Time,1.0
e5882de2409ffb5a26782367e95b91ba,c8d832b1e6f4aa662d0fefabfca04265,unavailable,2017-06-30 13:26:22,petrolandia,PE,,,,,,,On Time,1.0
3c8702d3b056de079d6cdd6ee1ffeb55,f4aedee3d8eb400162acc5b1dae159c3,unavailable,2017-02-22 12:31:15,sao paulo,SP,,,,,,,On Time,2.0
52ffca67c47f7bc4350f82b1d2c20dec,e72c31d513b0da68b1ea23dd4375257b,canceled,2017-11-26 18:42:08,timoteo,MG,,,,,,,On Time,3.0
31b91033dcb0502e616f40ced16dccc6,864adb6f60fff0c2a11613045507d350,unavailable,2017-07-17 09:38:11,brasilia,DF,,,,,,,On Time,
55aa287c6ca17e8c3262b9ef1e12fac6,429fbf4ee20691b0ae84c84c3ebc6897,unavailable,2017-03-04 12:15:08,cotia,SP,,,,,,,On Time,
adf5a3d223336c6b7965f3027bb7ddc2,af65b6eb3336048acc95ef62a4ac94c3,unavailable,2017-11-13 20:54:32,ibia,MG,,,,,,,On Time,
834550696228970ef03d30419db216e1,b2e6e695e5c4bf58f8972e65205c8e1a,unavailable,2017-10-29 19:19:56,doutor mauricio cardoso,RS,,,,,,,On Time,1.0
b93ffbad842670470ec41f35a317ee65,d9b4b95e049a1f71acbc4042ac32e3ac,unavailable,2017-02-08 22:47:10,sabinopolis,MG,,,,,,,On Time,1.0
453cabc3a3d6d0d80bd08d9eefb6a607,a0320e92ed474eda108f409965458a35,unavailable,2017-12-06 19:47:40,arapongas,PR,,,,,,,On Time,5.0
e834a6d9d3cea0c687c250fc654a0232,4b9c1e46a59a75a9af94bc7e355b97a0,canceled,2018-04-25 16:48:12,sao paulo,SP,49.9,15.23,07883aa96515a898e1b9ddf0537a1b56,moveis_decoracao,furniture_decor,,On Time,1.0
e7dfe42bb50a6acce37e168e44260a51,90616b7222bda6620dd1bfb66d1c8915,canceled,2018-02-14 01:59:02,vila velha,ES,26.99,14.1,eed58af018f022f0dbd193a8e81b9321,esporte_lazer,sports_leisure,,On Time,1.0
4608a27e9e60c05b054631def491e7af,4e1554d1a2dcb38dcf22770eb7390fe1,canceled,2018-08-28 08:10:22,brasilia,DF,,,,,,,On Time,1.0
8ad1b8de29d062bae836bc7d2cedc391,ab94410a9090bd3ea139e92d89ca31f8,canceled,2017-05-14 00:32:26,taubate,SP,169.9,12.69,af0d0d1521e30e05b1cfc77192c685b6,relogios_presentes,watches_gifts,,On Time,1.0
f889a5a0b44adc29c5465b99395ac3c1,9eb7d30b5661dd9e5e2333954d84e02a,unavailable,2017-07-07 21:17:36,timburi,SP,,,,,,,On Time,3.0
490291524fddde2b31c2e6bec3d9e6da,ac1cc7f78641b68413edd9742dd16abe,canceled,2017-04-14 22:40:54,belo horizonte,MG,26.69,17.78,207cdca64408b55cde28bfa9e62bced9,relogios_presentes,watches_gifts,,On Time,1.0
81997644995458a01126899a96832353,169d2f3ffb434dff9ed03f1395b112b2,unavailable,2018-02-26 16:58:27,sao paulo,SP,,,,,,,On Time,1.0
afb61112fb99b07fe17e591c68c0c84c,0a5dadb73145d29f42f703c97c377ae8,canceled,2018-09-06 10:48:12,praia grande,SP,,,,,,,On Time,
27667a063cb59b5d987a5a71c192cce5,391d6062da3dd65b4de4524f28c478de,canceled,2018-08-27 19:54:54,sao paulo,SP,,,,,,,On Time,1.0
2f763c623e85177077b5a4ee2d3cced5,700de140e7ab91fa3f4d2f7cc1cc2f38,canceled,2017-05-17 15:46:06,seara,SC,73.99,15.27,530989bc6eff4420c49a84214ab1eb51,telefonia,telephony,,On Time,1.0
2f763c623e85177077b5a4ee2d3cced5,700de140e7ab91fa3f4d2f7cc1cc2f38,canceled,2017-05-17 15:46:06,seara,SC,73.99,15.27,530989bc6eff4420c49a84214ab1eb51,telefonia,telephony,,On Time,1.0
e5215415bb6f76fe3b7cb68103a0d1c0,281096eb031de8c318bba51915fdd16a,canceled,2016-10-22 08:25:27,paracuru,CE,,,,,,,On Time,1.0
9f4f60c24b20845efd8d6b863b571d20,375e0bdb5dfb2610e71cf15f8f421ccb,canceled,2017-03-04 16:23:16,sao paulo,SP,1800.0,18.23,ba3fea9ec13fb882dda6c9e4295d9130,relogios_presentes,watches_gifts,,On Time,3.0
f88685f89f0fc651c3e767c64a23192c,c8719daeeef7cbe7f55a89085a405e78,unavailable,2017-11-24 01:49:27,mogi das cruzes,SP,,,,,,,On Time,1.0
ade919610216d8fcd6333ce3696449a4,d94157636381e2379d527b216f727242,canceled,2017-09-24 18:32:25,jundiai,SP,,,,,,,On Time,1.0
dbbbc904081f8e928028432e2e3d7686,753bc5d6efa9e49a03e34cf521a9e124,canceled,2016-10-06 13:24:15,quissama,RJ,1299.99,100.75,f38ce47371f868581f8c2df4ffa47fb6,esporte_lazer,sports_leisure,,On Time,1.0
3bb82ee5c8d4849ec722da99ba1bf228,77b2f97e30729a10a7cec65ed12352af,canceled,2017-11-23 13:33:14,pindamonhangaba,SP,449.99,14.65,2a66698f3c9f8708a0505b5ab2cb380d,relogios_presentes,watches_gifts,,On Time,1.0
2c0032906c603dcc21cd954828fa77d0,f04fb267036654af73a83e7c4d3414ce,canceled,2018-02-06 13:44:50,araguaina,TO,213.75,36.82,d359ac1975cd09111b28c63352a88e18,informatica_acessorios,computers_accessories,,On Time,1.0
9d4369173adc91c56c54ebba6712e732,83ac142fba83cba762be98df60e676e2,unavailable,2017-11-18 11:07:50,lapa,PR,,,,,,,On Time,1.0
04b8c60eb3cceaecde917716daa30bde,815392b735eba3589a02408bce170947,unavailable,2017-11-27 18:35:48,brasilia,DF,,,,,,,On Time,1.0
c9db1bfe07af2c4724a461a704c1ec67,6da978ae0a1651e61c566f73e571f279,canceled,2018-07-30 16:52:00,jundiai,SP,35.0,8.41,da09111354db562f50dffb0476a96828,alimentos_bebidas,food_drink,,On Time,1.0
1ec801f67c9ddedd7232db3f8045adef,50afcaffb2feb156594d6535f31e1259,canceled,2017-05-31 08:57:32,sao bernardo do campo,SP,99.9,7.95,f8ccd11a8dd63145c9a4ad4424195c77,brinquedos,toys,,On Time,5.0
4be69a31714c77604076ab0004055c6c,ea5e4a62ae965de93c6a314491b462f8,canceled,2018-01-31 19:30:37,rio de janeiro,RJ,130.0,15.67,cc03fe412a0cde1ba3de9ebbce01adde,beleza_saude,health_beauty,,On Time,1.0
50bb0c134ee3365dd06e13da6cda15fe,e60791a374be598f6277932a2a8bca55,unavailable,2017-12-29 16:31:58,vila velha,ES,,,,,,,On Time,1.0
74e198a81e758ec637a42e8f2e856927,7f78ef49a3ec6ff5ca63eb05bf82fefc,canceled,2018-08-18 09:27:28,goiania,GO,,,,,,,On Time,1.0
7ea0cd46b9a8fbf664e537374947787c,724f31ab734fd1b91e4d9fd57276fb58,canceled,2017-07-12 18:10:14,rio de janeiro,RJ,69.0,17.73,177d3d5bb9d4d29222a222e3b3554f41,papelaria,stationery,,On Time,1.0
e66e29f65af321ea428495d66066e809,efa9e0a6ee37c07f2ee6130244c74568,unavailable,2017-06-17 20:59:11,monteiro lobato,SP,,,,,,,On Time,1.0
02bfe71c2bbd56f6de9c2c357adff45c,013b083525868a0437652ebf071cda03,unavailable,2017-12-03 14:28:40,porecatu,PR,,,,,,,On Time,2.0
9c4aacf06d8fee894180123720425a6e,667b01d12293498130b4aa8e81ff7dc0,canceled,2018-02-13 21:48:17,sapiranga,RS,35.0,16.6,42f33073be6531e8f6d0a18fda862ea1,artes,art,,On Time,1.0
43c8d05a1478e794217ad3b39398022a,fa281beca8858479ddf9d567474173aa,unavailable,2017-08-14 21:10:05,santo andre,SP,,,,,,,On Time,4.0
b3154d5a5a7c0b01993f0768a1fd4b8a,2844216d0982f6ced6f8cb8c2ede4136,unavailable,2017-07-04 18:51:24,sapiranga,RS,,,,,,,On Time,1.0
2fa565240e8353e7a1ad78347f8608fa,abc853552e95734cac245aba12b01de7,unavailable,2017-02-15 21:21:31,paulinia,SP,,,,,,,On Time,2.0
cd408efeda0fdd3fe5f27134bd065001,ad9c44143d6e4a1f5ddafb06f0330c90,canceled,2018-02-08 22:19:00,sao paulo,SP,129.9,9.1,f0f464c1300173b9ed4aeacf16840936,malas_acessorios,luggage_accessories,,On Time,1.0
2463e85fc460252cacb332c69099f298,da35405487667712132a93c433e8fdca,unavailable,2017-10-18 19:11:27,bom jesus do itabapoana,RJ,,,,,,,On Time,1.0
c549f0d88f33bfe43351b893f1fb55ac,ded0f90b96bc30dfa105a41bbe658cdf,canceled,2016-10-06 13:21:05,rio de janeiro,RJ,,,,,,,On Time,1.0
69fd1a4dd8b96b9ab0dc82b95be21efd,a97fc625e3f3081e1c7385e69dbebf75,unavailable,2018-07-31 09:55:46,nova iguacu,RJ,,,,,,,On Time,1.0
58ab05a43a2649047ae3906759cea594,9f0e7b91a83ae3a177d4409ebd6b457c,canceled,2017-10-09 06:06:44,varginha,MG,289.9,28.58,1a41f6016e828ff1d37f2ecc2f2a0dfd,fashion_bolsas_e_acessorios,fashion_bags_accessories,,On Time,1.0
113e41a438f06ffae6d1857e01d60c45,1871aa277cbcefacecbf979fb6888b7f,canceled,2017-08-10 09:31:59,campinas,SP,24.0,7.78,59c6d60f81179f563785a48de25532b9,instrumentos_musicais,musical_instruments,,On Time,1.0
113e41a438f06ffae6d1857e01d60c45,1871aa277cbcefacecbf979fb6888b7f,canceled,2017-08-10 09:31:59,campinas,SP,24.0,7.78,59c6d60f81179f563785a48de25532b9,instrumentos_musicais,musical_instruments,,On Time,1.0
113e41a438f06ffae6d1857e01d60c45,1871aa277cbcefacecbf979fb6888b7f,canceled,2017-08-10 09:31:59,campinas,SP,24.0,7.78,59c6d60f81179f563785a48de25532b9,instrumentos_musicais,musical_instruments,,On Time,1.0
113e41a438f06ffae6d1857e01d60c45,1871aa277cbcefacecbf979fb6888b7f,canceled,2017-08-10 09:31:59,campinas,SP,24.0,7.78,59c6d60f81179f563785a48de25532b9,instrumentos_musicais,musical_instruments,,On Time,1.0
7738754cace77285b4b13ce8ea5979cb,8028fbabf6123c13297c82f4393a4724,canceled,2018-01-03 11:37:39,sao paulo,SP,599.99,18.96,e3baa4e51fbac37d48e70a8544895c1a,informatica_acessorios,computers_accessories,,On Time,1.0
dccb282b858f9b481824964de4cda528,05378bc3a8e9dd6da066418c0e156a0c,canceled,2017-08-25 19:10:57,camboriu,SC,59.99,17.67,3799649bfcc7821635d757a711ae7357,beleza_saude,health_beauty,,On Time,1.0
aa1ae480ffdf6aefc191b45ebd4fdedb,7f93f9bdd0b2fa23530bb20ba14a207b,canceled,2017-05-09 21:42:43,brasilia,DF,50.0,15.11,65607db9823444a6ba5b7a82431e4502,esporte_lazer,sports_leisure,,On Time,1.0
0e6b2d0fe443a6d38c0f6447f4eb2262,bb0aea12660bf8bd536b39fddbc336ee,unavailable,2017-11-03 20:44:04,brasilia,DF,,,,,,,On Time,5.0
1decf741e38f6bb92236968ffff3b2dc,387ad0eaf2f2ce4c34229a5045e1e8ff,canceled,2017-07-21 12:54:47,sao paulo,SP,649.0,11.8,1718ba9459e147186a7475f116526c99,eletroportateis,small_appliances,,On Time,1.0
f3e5a0592463640ef9fd04d79724dac9,c163865a07c3b408beaee0c9aef7d9fb,unavailable,2018-01-14 12:21:39,jaguariuna,SP,,,,,,,On Time,1.0
77afc8cdc7d93975016850b0b1b02c90,72a8b18fc6e02d98796664610f6e59e7,canceled,2018-08-15 22:39:11,sao paulo,SP,129.0,39.5,69c2cca014581e7e3756142963a69313,eletrodomesticos,home_appliances,,On Time,1.0
3cd7a167d6f4300d15a7c8816c1b29d5,c72150ad4d936bb3a71f3340ef88a2c1,canceled,2017-09-15 15:51:13,goiania,GO,85.0,14.34,63d6e7ab30f482382c9dfbbccae7da54,eletroportateis,small_appliances,,On Time,1.0
72fa449394ed9dc9093819f93ca563af,af51e8dd1c30737ba2dd0ece8cfa294d,unavailable,2017-05-26 17:19:49,amparo,SP,,,,,,,On Time,1.0
e8df0b08b2d6162f2a109f931d0774b6,185c802abcb321b6e84427a0376d7dea,unavailable,2017-10-08 11:02:21,brasilia,DF,,,,,,,On Time,1.0
801bda1bc87e8484430a1ad75f51f128,2ac999f37d6814a5130678ef81da9b06,unavailable,2017-02-06 10:21:37,boituva,SP,,,,,,,On Time,1.0
dd38e535112fb5094b53b1997c4eda52,1f22ecb07d25446bf52c51afa93cfa3b,canceled,2018-08-13 13:01:54,piracicaba,SP,,,,,,,On Time,1.0
7c48bf2308168ce82b8e622eb9dd8627,2ede5d381277b8cb576cee5c928f18b8,unavailable,2017-10-13 13:31:56,rio verde,GO,,,,,,,On Time,1.0
5ca9d935dd5306bf85a2f1e263d058f1,17a4a1b241b0579faae76c9a3bbb29c4,unavailable,2018-02-06 16:31:59,rancho alegre,PR,,,,,,,On Time,1.0
c94821db10df06a6d17a8054d3a0b919,f8dd2d811fea3ad5e95ee11bbc8a9428,unavailable,2017-11-22 11:01:03,bage,RS,,,,,,,On Time,1.0
3ccf1aa4144993ddec8287ef8ee0a107,0f4b07a8468f03fbbe917a11f5e5ad86,unavailable,2017-04-08 00:08:18,coelho neto,MA,,,,,,,On Time,1.0
552e0a8dae101e32155120202f427b71,0659f2d6cabae94afd4d009c6d0e07dc,canceled,2016-10-09 11:23:21,cacequi,RS,195.0,34.57,e4fe462cce9f36e312b869418a86bc3a,automotivo,auto,,On Time,1.0
552e0a8dae101e32155120202f427b71,0659f2d6cabae94afd4d009c6d0e07dc,canceled,2016-10-09 11:23:21,cacequi,RS,195.0,34.57,e4fe462cce9f36e312b869418a86bc3a,automotivo,auto,,On Time,1.0
74f833bf7c70ce8c3f820f725c213e1c,0f21adf44f13a61282678a89f6433c10,unavailable,2017-06-30 11:21:11,salvador,BA,,,,,,,On Time,1.0
08662c478bed0444d0515925af759547,d87ff1b86dfffa84cd599bb3ba26dc74,canceled,2017-03-20 08:00:14,mineiros,GO,,,,,,,On Time,5.0
90eaac01afdf4e531a70ad869e092c75,cd71c345cffd7d0edcfa17034446350b,canceled,2018-06-05 15:15:24,porto velho,RO,,,,,,,On Time,2.0
2b25bdbc985fdd953cced7c3fdf0a2fe,607610d757051cd95b4020d13ddd6ec8,unavailable,2017-11-18 22:23:44,natal,RN,,,,,,,On Time,2.0
dd8532619e81337caf4ddc77fb34d981,6d5b0e53cf8e36411759711cc484be50,unavailable,2017-05-15 10:58:15,rio de janeiro,RJ,,,,,,,On Time,1.0
a2714ecbf6eeb3bb9cd7dba6dc1c5e82,0eb85c748bb33072cb864a7c8b54aa97,canceled,2018-02-14 18:01:38,sao paulo,SP,99.8,33.97,ebb12274522d82caa7dca657873b2ad7,utilidades_domesticas,housewares,,On Time,1.0
854f8cb8dacdc3abc4cce7a7df6fcc1f,daba2e7a00c149161c68cbb18db656a9,canceled,2018-02-02 09:09:27,rio bonito,RJ,49.9,17.6,389d119b48cf3043d311335e499d9c6b,ferramentas_jardim,garden_tools,,On Time,1.0
cadd4c5765abf658117f2cc7e2a639c2,fe362d146a84f9000664211ac929b9d5,canceled,2018-08-10 21:20:04,santo andre,SP,119.0,11.85,f582884ed8bb76a4b6317b8c9e966d98,utilidades_domesticas,housewares,,On Time,5.0
0c2bc0e5935dcca29a9e0cc2e5236a13,585368798753fb4f57e8510b5ba471dd,canceled,2017-11-09 12:11:56,belo horizonte,MG,355.0,23.33,c1cb3679d3aa242bb9094aa69ea47c42,instrumentos_musicais,musical_instruments,,On Time,1.0
793c05f561c41e8fb6599c92be8d0afd,e6ccad19d884639f45d790c91e981d53,unavailable,2017-08-11 19:18:12,belem,PA,,,,,,,On Time,1.0
770d331c84e5b214bd9dc70a10b829d0,59a7bb642795ddc85534fbd5f7360334,canceled,2016-10-07 14:52:30,rio de janeiro,RJ,249.9,14.03,eba7488e1c67729f045ab43fac426f2e,perfumaria,perfumery,7.0,On Time,1.0
73863aca434e1d117e45109bea6f1937,b12294f6bca2370dc2f2a46cdc484076,canceled,2018-07-29 00:05:24,porto alegre,RS,1669.87,171.88,650e39eebfbf781051ea573d02d0342a,instrumentos_musicais,musical_instruments,,On Time,1.0
90dea0577f835cee1385c71345f7a1d9,8755519aac69312c193111ff21e42b30,canceled,2017-08-30 16:05:34,sao paulo,SP,81.99,7.83,0e8455af924fb157b26a4ab95f28bb10,telefonia,telephony,,On Time,1.0
73adddab7cd7e4f606280f98c137656a,850a172dd946b18ddca4a71627fe32e1,unavailable,2017-07-11 09:23:29,belo horizonte,MG,,,,,,,On Time,5.0
568392c8ee5c7a3bcb175e386ae76e90,e4e117613ae7c3bf57fec230026bf518,canceled,2017-08-25 00:21:59,curitiba,PR,34.68,14.1,f6eb9d00c16e94859a66c68eb8b66bdc,ferramentas_jardim,garden_tools,,On Time,1.0
fe9fae71b4fa7d05f1934adc54391f8d,786abe8655280c105e08af1030cd3738,canceled,2018-02-15 15:28:12,diadema,SP,189.0,32.35,06f0e85c7892d5df893f332706340af1,papelaria,stationery,,On Time,1.0
31a1a43e09fe1f26cdcb077099cadf82,77526df5e388c0012e2d83a8351eab12,unavailable,2017-09-13 14:46:37,brasilia,DF,,,,,,,On Time,1.0
e731304a0fda25d2138155bbfe558bd7,bd4837ddeb9aa63bd4d50ff3a13388af,unavailable,2017-11-28 19:00:04,piraju,SP,,,,,,,On Time,1.0
db0335818a0e49d9d5bbe1ce0a99310e,f95ccde28c7613a61e9e40681cac6104,canceled,2017-11-15 07:45:44,mogi das cruzes,SP,499.0,17.1,fc83db05de6120d00e02ea0fe6f916af,ferramentas_jardim,garden_tools,,On Time,1.0
463270aee6f932c94319683e66e7e59d,835f68eb26d8db3fc6379e7553eb77ef,unavailable,2018-04-17 19:40:26,goiania,GO,,,,,,,On Time,1.0
0a6b7c79b8c67dedc51f2dea7b4e1e59,678ee6189dd845150447a3c493de93f3,unavailable,2018-01-13 13:27:33,aracruz,ES,,,,,,,On Time,1.0
b6777988359768bf8f2390aa6d072be4,8f2e3e0a811f811c660831f3187e10a9,unavailable,2017-10-30 14:07:30,tres rios,RJ,,,,,,,On Time,1.0
e20f1823b7c3cea563148b3d9864132f,0c759852aff64baff4ae4d943f50af93,canceled,2017-05-16 22:17:00,londrina,PR,58.99,19.65,2804f6c4f96a5c917461534b63faf357,utilidades_domesticas,housewares,,On Time,1.0
881a5cda3b897b035971e3fcfce58aa6,3e4bda3508f163eb549f0f146b08ed7f,canceled,2018-01-31 16:16:21,rio de janeiro,RJ,149.0,40.37,d1c427060a0f73f6b889a5c7c61f2ac4,informatica_acessorios,computers_accessories,,On Time,1.0
b2e2410ac54dcb51230fd94aef5bcd2c,ab5c0372450f2b1adae913d65a267f9f,unavailable,2017-07-31 20:46:54,varzea paulista,SP,,,,,,,On Time,1.0
870a3cfbe4dab0f499a636a9fdeef87d,2b48590aa71b8482605b133a3fa65b59,unavailable,2017-10-08 09:22:19,santa isabel,SP,,,,,,,On Time,1.0
8beb59392e21af5eb9547ae1a9938d06,f9af3bfab584769f34c314b222d34263,canceled,2016-10-08 20:17:50,rio de janeiro,RJ,99.99,11.23,c66def7098f4d87751f40c3a4855ced1,brinquedos,toys,10.0,On Time,1.0
587a39d6ab7297ee16b3d5ebdaa0f776,29f7c5991de58cbc11aaf2f023cf28c6,canceled,2017-01-11 18:32:24,curitiba,PR,164.9,15.91,927a7ee2d74e3a1123047f40b42fcc09,brinquedos,toys,,On Time,1.0
9512251cbae0778ea863f6242d3e5789,7d7ad5db91f5354ba6993f053d38c4f9,canceled,2017-06-15 17:34:29,sao bernardo do campo,SP,40.0,9.34,0527af46c46b7a345d2086ea304ae8d7,eletronicos,electronics,,On Time,3.0
65f87722388463aa7d02023c8f5b11ab,ad72e0a5e2fcd9b5a2893b5488813e62,unavailable,2017-12-05 16:00:46,ribeirao das neves,MG,,,,,,,On Time,1.0
a911878b89655a6ca2a33ed01e1c8d3d,a7833d728ffd7f7c2b419b749aa04e28,canceled,2018-03-05 09:28:19,campinas,SP,81.0,9.38,3948f284081821f4e27ba8c23d4cbc9a,brinquedos,toys,,On Time,1.0
cb3d8a1cca3468a5e99f78eaf49bce40,f53d78cb2bef71faba48e1e1b0316871,canceled,2018-07-14 00:52:45,sao paulo,SP,188.99,12.34,ec165cd31c50585786ffda6feff5d0a6,brinquedos,toys,,On Time,1.0
671ac88df4b1b29a8c7a049140189bcd,56f79e7fa10370a6acc1f70e805b6cc6,canceled,2018-06-20 20:54:17,praia grande,SP,71.0,7.76,3516632e8f52b679ff83d1665ecc990e,informatica_acessorios,computers_accessories,,On Time,1.0
ea55dd40acfb6206bdf910b5e903ff77,de34b16117594161a6a89c50b289d35a,unavailable,2018-01-06 01:06:13,santo andre,SP,,,,,,,On Time,1.0
2f5124f516a7f5e4095ef4325d67c511,683cda1913456fb0cca302892b37a052,unavailable,2017-12-19 20:36:22,sao paulo,SP,,,,,,,On Time,1.0
c12a72f72509bcc1317ee119c5ade35b,1f875cf1c019a2c1c29d14fa0602d793,unavailable,2017-11-28 12:03:07,niteroi,RJ,,,,,,,On Time,1.0
295f0c892077fab482adb25cfc37aa79,d04b8fd0acfc725ef9186b1e3d121cf0,unavailable,2017-07-06 13:31:05,anta,RJ,,,,,,,On Time,1.0
c8de7faa920cdcbe41252449a3fd36c0,dfb89f9eb8bb1467b559e889a423a152,unavailable,2017-07-06 16:18:36,sao paulo,SP,,,,,,,On Time,1.0
aed488062a3d349252ffe2961e214551,2aeacfcc6007cee63c9c430b67662796,canceled,2017-10-16 09:09:13,rio de janeiro,RJ,,,,,,,On Time,1.0
0cb3c0cb279f04b99a10ac141fa8586f,feb643dc81ca576d83810f147e0e089c,unavailable,2017-03-06 13:20:19,sao paulo,SP,,,,,,,On Time,1.0
4b8e7900278770ffef6b0da3d58dff9a,7c27d6df62d60292efe98c3b42d00ec0,canceled,2018-08-13 12:56:01,sumare,SP,51.92,13.7,8ae4b5b9554c1d03c803bdd3875dad7b,automotivo,auto,,On Time,1.0
9bd5312d12f48b04a460f702baff3d8c,fa57a93088b5154400f24bee58fdf772,canceled,2016-10-06 20:43:30,rio de janeiro,RJ,,,,,,,On Time,1.0
1cee73866d7513dbc499639d14020ce4,af8fb50b5c5da2eb745f47e2dc93c0e1,canceled,2017-07-24 12:52:27,bauru,SP,49.9,11.85,794de06c32a626a5692ff50e4985d36f,Unknown,,,On Time,1.0
6a5743b4fba3fe11bd82fb9a759f703d,c625bccb0f1705abe12c83449b934bad,canceled,2017-10-05 11:39:07,fortaleza,CE,287.1,27.29,40cb225d40f0acc7c8a2dc7b27176874,informatica_acessorios,computers_accessories,,On Time,1.0
a190e742e89ce74773221a6d4cba6f10,75313f5c563454af28ad2467c0cc47b9,canceled,2017-03-25 05:12:19,recife,PE,61.6,20.88,1529199a7d88ac40cef5b4a508f18f2c,esporte_lazer,sports_leisure,,On Time,1.0
d9bde3a634ec04252eceffc6bef25ee0,bd0e071c4b6cf2a2e8a386923dce973e,unavailable,2017-02-16 17:46:10,guapimirim,RJ,,,,,,,On Time,5.0
3c3ca08854ca922fe8e9cedfd6841c8a,e629cd3ff381ad0a234016fa7dd76f46,unavailable,2016-10-08 12:13:38,suzano,SP,35.0,10.96,ac6c24af9f913c9375a3ea77883bda6e,automotivo,auto,,On Time,1.0
10a045cdf6a5650c21e9cfeb60384c16,87ab9fec999db8bd5774917de3cdf01c,canceled,2018-10-17 17:30:18,sorocaba,SP,,,,,,,On Time,1.0
3fffdbcdd7ed6b3acdb0bdbc5c96df52,a01bba36c189d1da1a4ad875bf587a35,canceled,2017-10-29 16:25:52,olimpia,SP,219.0,16.28,d87ee5661dc46c5bc7bc19780f6f8360,instrumentos_musicais,musical_instruments,,On Time,1.0
a4f71a0d584883f990018a219bb7dfb4,4f4cfd4238efefcaf3e6905ac8bb9e76,unavailable,2017-11-03 18:44:49,guanambi,BA,,,,,,,On Time,1.0
19bf02099b31db3f2f5d1bfb4fbf49c4,449865938212a6f6974766a5011247a8,unavailable,2017-11-02 14:44:50,campinas,SP,,,,,,,On Time,1.0
c186f4babae2b9ffa3ecc0176980acdf,8fac120637b2d22be0d6b83111d7c352,unavailable,2017-05-30 20:29:08,sao paulo,SP,,,,,,,On Time,3.0
9c83e5ae8ff2b5cad999c3dc6129a888,ea8a37a119980ee4681e28145b39bb3b,canceled,2018-03-03 09:44:30,osasco,SP,9.9,7.78,fb0467f650186a474da44003e623a3c4,telefonia,telephony,,On Time,
fddbd183387b5c9bcbafbd0fe965301f,ab1284d4947ed16ddcc55a7f06f13c63,unavailable,2017-09-23 10:25:00,curitiba,PR,,,,,,,On Time,1.0
016706d732e79b49035275c048edb2c4,fd474aed92422913da009596a532f7fc,unavailable,2017-10-13 09:15:09,areado,MG,,,,,,,On Time,1.0
54a8822ca8bfc9d79e1154a2e20221e0,a12bfc37b277388091fcf84e83f77770,canceled,2017-11-26 20:08:06,barueri,SP,339.0,10.57,0418d6ca9336c4a7ef9667aac0be1976,consoles_games,consoles_games,,On Time,1.0
6cf51ab464bdd9f7b282f5fe72391383,eea6e74f086071ad4d5578a5e34c77b5,canceled,2018-02-27 22:43:39,rio de janeiro,RJ,55.9,8.27,473795a355d29305c3ea6b156833adf5,perfumaria,perfumery,,On Time,1.0
a402af38a74c44926247db438245d95c,b8c37ee810b38c416022e1c9f51e740c,canceled,2018-01-30 22:12:10,contagem,MG,199.0,83.25,25179680ecacb54a036e9cdd27459da3,instrumentos_musicais,musical_instruments,,On Time,2.0
0cb763300f5679bee73a0b0fdfe0a2d2,44b7b02e8a7f63ec7b93b0d2dda64825,canceled,2018-08-10 18:54:48,vespasiano,MG,,,,,,,On Time,5.0
2f6492ebb2badd06db511b63ae7d7f55,c2381f1b95054dc25eb7e2da7c50fa52,canceled,2018-01-20 14:59:28,niteroi,RJ,149.0,40.37,d1c427060a0f73f6b889a5c7c61f2ac4,informatica_acessorios,computers_accessories,,On Time,
4a6f0e75398881152007f6ab2d3f5159,ea055175806fa3e57abaf486ef8b3ccd,canceled,2018-06-10 09:04:06,sao carlos,SP,19.9,12.79,0915ff4c13dc62982f2a0a3ae788945c,cama_mesa_banho,bed_bath_table,,On Time,3.0
65fdcb432cb9cfa970e3a3817b39040d,ef0103e9602d12594d19c2b666219bc1,canceled,2018-08-29 08:44:38,belo horizonte,MG,,,,,,,On Time,2.0
b44b36e6b69be34f58753d3b56d24001,52ca43132ea5c0f2805b1537bb841857,canceled,2018-08-08 14:27:00,rio de janeiro,RJ,,,,,,,On Time,1.0
4cccc0d35e7c7a0dc766ad3c4043e33e,9343f3f5b50a126c8ca3d34b83d69197,unavailable,2018-08-10 09:32:32,cotia,SP,,,,,,,On Time,1.0
19dec7b3d6fb0a5d9407f7274da21398,9b5427f064283ebd4f23ee679e223555,canceled,2017-04-17 18:22:04,belo horizonte,MG,1449.8,38.34,8db17861b9c5d161d08b81e8f9f4a4be,utilidades_domesticas,housewares,,On Time,5.0
123e27a1a4d0b2481d8618ac3dff7d4e,123ecbb4fb560cff85dd1072dd0a613d,canceled,2016-10-08 12:44:32,rio de janeiro,RJ,,,,,,,On Time,1.0
7fa41d59cc693e0ed84f2668b7ebe4d7,d72d3b392c222cc331014fea0c24c1e3,canceled,2017-07-13 18:10:28,muriae,MG,65.99,18.03,f6bd73f359ad6b91076b19cc0b70b44a,informatica_acessorios,computers_accessories,,On Time,1.0
54bb06e1ca86bd99ee2a8d6288bf4ede,8aa802da0f525a68e7fae5e67929ebdd,unavailable,2016-10-06 13:38:39,aracariguama,SP,64.9,25.33,bef13288a0f8b26d763411ced1dfa268,cool_stuff,cool_stuff,,On Time,1.0
c052b5075e9fd0d83a3d2b183e6e0df1,a92e7739404584bb3dab2a0cfb386117,canceled,2017-05-13 20:06:13,carapicuiba,SP,65.0,8.72,757e03cbdab9161ad95210a779dd2b2a,informatica_acessorios,computers_accessories,,On Time,1.0
991dc90330a54fbf3461dec5bf8226ec,23d4170a35eee4611945183a4ae92a50,canceled,2018-08-06 23:03:09,barra de sao francisco,ES,113.1,18.89,49f19939bc5c8639e06c36d3bf01ee98,brinquedos,toys,,On Time,1.0
eb79d602c28b8782807ca17e4ba806cc,2c45e448cbfc3b0c4746ff9c8b2ad93f,canceled,2017-10-24 20:14:53,sao paulo,SP,19.9,7.78,7c4a8bec217df1de0df2b5aaf8175b65,audio,audio,,On Time,1.0
8e1e331cb2701fc82849ab614e8ff240,655d84c19059376150562e413e239e60,unavailable,2017-05-27 09:56:24,palmares,PE,,,,,,,On Time,1.0
dadc23575c27fa7a66ce0310807865ba,59405cf7b0df0390bffe556bdf8f48ff,unavailable,2018-05-08 15:05:15,sinop,MT,,,,,,,On Time,1.0
162b2345ef3cc0551c0a32058840a2ec,84ffccc982f51cfd250f56d09d870cd1,canceled,2018-07-21 17:59:37,francisco beltrao,PR,99.9,39.98,011967a30ceeaa86acb72e79664544ad,esporte_lazer,sports_leisure,,On Time,1.0
618ab5fa2138dcabd9046d13f1294fb9,8578601ec5393996f22afb3f787b89af,canceled,2018-07-23 09:52:09,sao paulo,SP,34.9,7.5,14a804caa27d1d738183cbbad4d84346,eletronicos,electronics,,On Time,2.0
618ab5fa2138dcabd9046d13f1294fb9,8578601ec5393996f22afb3f787b89af,canceled,2018-07-23 09:52:09,sao paulo,SP,34.9,7.5,14a804caa27d1d738183cbbad4d84346,eletronicos,electronics,,On Time,2.0
e9b878264e94e17134221e4e9afd378b,29ae9e23943929ef3f3951a883462955,unavailable,2018-03-09 10:42:40,sao paulo,SP,,,,,,,On Time,3.0
f0685863a01cc11a10508d43e2131155,c02762c9e1076e6d025b47c712cece2f,canceled,2017-05-27 15:33:04,timoteo,MG,85.9,16.36,056b837251897cfc6f46d3643bad614f,ferramentas_jardim,garden_tools,,On Time,2.0
7e6bd960caf2346257183fd4b6079a65,27b9608fe3d9168e9d7d6c114c43c4ee,unavailable,2018-01-28 16:38:33,sao bernardo do campo,SP,,,,,,,On Time,4.0
01cb6d702e5233235f4125309d184bf4,859801343e938e403027c0668f64f037,unavailable,2017-01-31 17:48:07,sao luis,MA,,,,,,,On Time,3.0
64a8b3b4c19751b51d211deb32fdc67b,998d57630e5148e707ef78e5bfffef87,canceled,2018-05-16 08:53:35,valinhos,SP,44.9,8.29,b987d8b92f302ae265df039ccff718b6,livros_interesse_geral,books_general_interest,,On Time,1.0
eb0393138e2e8b7164947608489f069e,d64a3eac03a503f95c6eb250f12ab58c,canceled,2017-10-07 17:31:53,nova friburgo,RJ,265.0,60.86,e1c3325750402ab195a7759f01efa494,Unknown,,,On Time,1.0
d2da7d77b85e86faeb4bcdcf929f27fb,86eaaf41a86108eb85a230dde95caf9a,unavailable,2018-05-02 16:43:59,lidice,RJ,,,,,,,On Time,1.0
65959cbdb267c29a5cb0021a367df75c,974693b4a023988446e32a627d49a29a,unavailable,2017-02-24 18:05:34,lages,SC,,,,,,,On Time,1.0
f76d5b8ea5928ea9b289b5f485e4846a,96f9204de777192f8feb7776d3cd09b4,canceled,2018-05-15 13:17:14,osasco,SP,64.99,12.89,f7d5edd55cc83003c9ff58de184833d5,esporte_lazer,sports_leisure,,On Time,1.0
be3b8d058b8100d8a2539ce0b2c6ec0b,60a22f2188cd2b544c45f103d0e00539,canceled,2017-07-20 14:32:34,rio de janeiro,RJ,1199.9,23.16,20332c1e41e427864b3561a657caaf0d,relogios_presentes,watches_gifts,,On Time,2.0
92a195ed387f8e7f9151eae7a7ec13f0,9715409683c70e8f797d93a0b337ae00,unavailable,2018-05-17 11:29:01,niteroi,RJ,,,,,,,On Time,1.0
f79644ec98219489ae16ee7aabac4ebb,108b1a74b02d1e998850c39d7a7e9150,canceled,2018-05-05 13:36:10,blumenau,SC,27.5,8.82,bdc3291ab242ec1effc8eb0987850268,eletronicos,electronics,,On Time,5.0
4b03319a5a065c83d4fcc4f18f8cb257,48a6084b7f77f89e384a733e209f3c98,canceled,2017-10-20 12:42:26,sao paulo,SP,,,,,,,On Time,1.0
31f935babbc97f5990e0ffd128e19541,f9ac86b4993a6e2a48758cb47d808712,unavailable,2017-11-11 11:25:27,presidente getulio,SC,,,,,,,On Time,1.0
9b4a1422c8b4e65d9ab330d8d32deddf,84320fdb6a094f124ede160c4df879e1,canceled,2017-07-09 18:18:03,bady bassitt,SP,76.9,13.56,44483ca1c9223756ee0ee71c0676d3a3,Unknown,,,On Time,1.0
190cce77a8a1f436ff7bb2e684906449,203989251ce8a6fecd148180a79f58b7,unavailable,2017-10-31 14:13:53,jataizinho,PR,,,,,,,On Time,1.0
e28fb6cbf050a8cde2b9af4ae94f3241,0651e691ed9e201bf2ce26d40f93d739,unavailable,2017-07-11 15:34:36,itarare,SP,,,,,,,On Time,1.0
73628c6d02ed8f6134d9752cd7b83c2a,0a5fab743da859b3f10a409bbb132a5a,unavailable,2018-02-14 11:05:31,barra mansa,RJ,,,,,,,On Time,1.0
4493ce8729200aed0eca9d3ae8bcc57c,e9bd60258117342273c84198e732b955,unavailable,2017-02-02 10:43:43,monte alto,SP,,,,,,,On Time,1.0
298787a86f7ed145b210dfa7262fca2f,23381fd98cf504b5218cf319d4f5bdb1,canceled,2018-08-02 22:10:59,monte mor,SP,27.64,7.45,5548040d5b1cc71c61c03d2f1d2e6ede,ferramentas_jardim,garden_tools,,On Time,1.0
4188e271c401875d724b4e9ee6fe7206,4c818b237483961f0f2c5ae447ef9c02,unavailable,2017-12-10 14:04:04,sao paulo,SP,,,,,,,On Time,1.0
b9fffd14dc2869d69f441ff3c8f34bab,7f5dcde4d292354dd5e6968a27971126,unavailable,2017-04-08 19:52:40,sao paulo,SP,,,,,,,On Time,1.0
454a297f19c15e3f7a16c16961029402,e83af10a84be1e3a0d6187207de86a76,canceled,2018-06-15 23:27:00,itaquaquecetuba,SP,199.0,14.05,78a52f7c3f1fc50373949f57052397ad,esporte_lazer,sports_leisure,,On Time,1.0
f62f01ec64c6b221f926ba560907d8f7,d3e09f23a2bed5fa4eef73fb5fd68cfc,unavailable,2017-02-14 20:55:49,jundiai,SP,,,,,,,On Time,3.0
eb278cfbeefc0a9180876153de58d693,61657cd378eabeaa8ec89a448432357d,unavailable,2018-02-09 19:51:24,rio de janeiro,RJ,,,,,,,On Time,1.0
f0eadb6ba0382197c2f94afe7d95e60e,ad5673e29ae7f151eb694d922b0da3e8,unavailable,2017-11-24 21:03:55,garibaldi,RS,,,,,,,On Time,1.0
3f5d83fd2c551b9eeac583644c97ad09,eabc11b13c417e562cc6373e49436272,canceled,2018-04-13 10:52:21,sao paulo,SP,259.91,8.68,75f3ef6a5cb0f2d5aeef15925f0ccf69,consoles_games,consoles_games,,On Time,1.0
3f5d83fd2c551b9eeac583644c97ad09,eabc11b13c417e562cc6373e49436272,canceled,2018-04-13 10:52:21,sao paulo,SP,259.91,8.68,75f3ef6a5cb0f2d5aeef15925f0ccf69,consoles_games,consoles_games,,On Time,1.0
0197416059c0e56b5344bf2188066317,d1c73ffbc43e326738aec07c5dacb8d9,canceled,2018-07-26 17:20:23,maracanau,CE,399.9,21.71,6592908f0a4f6e2de91310126cd1b08d,telefonia,telephony,,On Time,1.0
131ca8643d9f990f2ab26e3a33ec7950,96c3c1f974629f2fd7f4f5abfa5abde6,canceled,2017-04-09 13:58:55,vacaria,RS,199.0,15.16,9d72e48d483b01cd07024793995aa30b,cool_stuff,cool_stuff,,On Time,2.0
7dfff541b2a848ecb18ceb83d02bfa6a,42befda568ea0df110b6cec63c233bea,canceled,2018-03-23 13:44:28,sao paulo,SP,,,,,,,On Time,5.0
1aba68837cfafa9cc4bba58efee87d4a,3eb7932f075743f0e50b0d9966707e6f,unavailable,2017-10-23 10:49:50,salto do ceu,MT,,,,,,,On Time,4.0
1d911134e95ec6f299e80fe19b5b88c5,930ff10207a0155e4d569dc1b66714c2,canceled,2018-08-05 22:27:23,novo gama,GO,34.9,15.34,cb9d764f38ee4d0c00af64d5c388f837,portateis_cozinha_e_preparadores_de_alimentos,,,On Time,1.0
da7af77d5f98212a8c1ad0b1c552f102,c48322635a138a5714e55d9113d0e266,canceled,2017-07-16 10:46:54,joao pessoa,PB,196.99,35.18,72656ebe275ad87be8ac519170e4556b,esporte_lazer,sports_leisure,,On Time,5.0
da7af77d5f98212a8c1ad0b1c552f102,c48322635a138a5714e55d9113d0e266,canceled,2017-07-16 10:46:54,joao pessoa,PB,196.99,35.18,72656ebe275ad87be8ac519170e4556b,esporte_lazer,sports_leisure,,On Time,5.0
ded456690bcb2ffd4def86541479037f,1dafa806240ea5b3e51122493796dd4c,canceled,2018-08-24 06:58:50,sao paulo,SP,47.9,8.5,46c24b0c339975a99512fd7f9e781063,bebes,baby,,On Time,5.0
bea39233e56405aa80613120fa0faae9,ed3eefd7298ebcaffe803307ed0c9542,unavailable,2017-07-04 22:27:23,brasilia,DF,,,,,,,On Time,1.0
779078ac80552fa400b11c285d16e4fa,98e8535b4cfc39e898513803807da125,unavailable,2017-06-13 21:11:58,rio de janeiro,RJ,,,,,,,On Time,1.0
058e0a8627dc25b49eae4ce6ca658cb8,98af4f1390402d0565507f23c89c76c0,canceled,2018-05-10 13:10:44,sao paulo,SP,539.0,37.31,87f87c717c93f801e1a62367ce5ff63f,construcao_ferramentas_iluminacao,construction_tools_lights,,On Time,1.0
058e0a8627dc25b49eae4ce6ca658cb8,98af4f1390402d0565507f23c89c76c0,canceled,2018-05-10 13:10:44,sao paulo,SP,539.0,37.31,87f87c717c93f801e1a62367ce5ff63f,construcao_ferramentas_iluminacao,construction_tools_lights,,On Time,1.0
cf52c3631e531c83e5f92681b933a521,d4b16abcbf4fef343e97337ca2b9dc1e,unavailable,2017-02-18 13:19:30,recife,PE,,,,,,,On Time,1.0
2ff205d5135b1c7763c6561d2643df51,027b5658f8a94a67c3d037047ca849c5,unavailable,2017-03-23 19:21:05,goiania,GO,,,,,,,On Time,1.0
c2dd3125d2c742a487adbbd0704b4775,b1656917530cd556d9164ef9922b279f,canceled,2017-09-16 14:24:39,ferraz de vasconcelos,SP,148.75,15.79,e6cca1e56d395424edec4a6346b5d4d0,relogios_presentes,watches_gifts,,On Time,1.0
e0b4e92a39bc8b93bc4ff121772819ea,b875c0334fea427bb6fef944485fee67,canceled,2018-02-01 12:21:42,sao paulo,SP,40.5,13.08,64eb8b21706b8e2c733ba16bf02a1537,beleza_saude,health_beauty,,On Time,1.0
94bce2ab6f38b41d29ebbd9d755677bf,7981ad866783fbc25ad64a3f87e6fd63,canceled,2017-07-09 15:38:45,niteroi,RJ,,,,,,,On Time,5.0
1057bf6391c17f9b6960dd996029e1dc,2592816433dfbb3051af91ba91625de5,canceled,2017-07-29 12:56:17,sao paulo,SP,149.99,16.68,d274714b715480aa8ca7fca7d2524233,utilidades_domesticas,housewares,,On Time,1.0
dbe1de9b04777a1c1bf05fd0aeebde9a,1ed6b2a7161fe2c54fc176dca93fbb6a,unavailable,2017-06-07 15:50:50,pontal,SP,,,,,,,On Time,1.0
d8b293a9c747dbce4a60f6c0bca37dd7,21dd2404f4bd7f4b83754ed902231ef0,unavailable,2018-02-09 17:57:31,sao paulo,SP,,,,,,,On Time,3.0
3e70edc835c9b04809623f518a513d00,c88aeffbd384721bae450d32fa80c5f8,canceled,2017-02-22 16:10:31,curitiba,PR,504.72,35.81,48ca75f9775562a7c9b696daa1677fce,automotivo,auto,,On Time,1.0
fe9aa3b22b4d65ccbaffb57984bc12fb,0f1443bd810ee6fcfa261d95ff34446f,canceled,2017-11-14 19:30:10,itu,SP,39.9,7.78,e71589252b1fc69c5a7931ee5028ecf6,brinquedos,toys,,On Time,5.0
04a2ba381317648726f46210a46ece95,d526c2df957cc6b177070216427c299d,canceled,2018-08-09 09:13:44,joao pessoa,PB,,,,,,,On Time,5.0
76d18695761c18ab2f2a9f6f1b3ea3e5,1379a3c4d55adc7ea7cc19365c62724c,canceled,2017-09-24 10:24:07,sao paulo,SP,129.0,17.47,fb7707ed64cb62f7c280d9e384f03c07,brinquedos,toys,,On Time,1.0
85a22eb264ad44ff56c4955a66876fed,e9d6ce102dcb8ab8a3387021b5040f70,unavailable,2017-11-20 16:10:58,rio de janeiro,RJ,,,,,,,On Time,1.0
30a3bac324f40459c6d1a739bc811506,b98a8bd06ac525882cb2a826e8f4a7c0,unavailable,2017-10-17 08:28:00,belo horizonte,MG,,,,,,,On Time,1.0
3257d333ee8b3f21786b6270940d1fd4,ea9027a8e3d5ffce0ac294b966d5d8dc,unavailable,2017-02-13 17:18:58,rio de janeiro,RJ,,,,,,,On Time,1.0
ea3a810bd6c5d5c071b28fcb8e39b9e7,9d461b6208639ceb5806036d22ea54b3,unavailable,2018-01-22 10:24:32,santos,SP,,,,,,,On Time,1.0
96b947c986b42f213c9e6b8ccccedb89,f2d12fb9cdae4493f4349e9d65a66bba,canceled,2018-07-30 13:00:56,rio de janeiro,RJ,380.0,79.63,7d1d3de69616eacb023e39204065a068,moveis_escritorio,office_furniture,,On Time,3.0
8d171a848151e69e8f090fdbb50d4010,6a65df7b3e532c05f3b312bb7e77ff33,canceled,2018-02-13 14:38:55,campos gerais,MG,86.9,21.1,99a4788cb24856965c36a24e339b6058,cama_mesa_banho,bed_bath_table,,On Time,5.0
c60a44d6c46309c86882ffce00a0b412,ff28720521c749234b1ba19c9c986f4c,unavailable,2017-02-15 11:25:14,sao paulo,SP,,,,,,,On Time,1.0
735458a5d288ba55c03a10cb1b2dd481,3c804874d3b953065aa6ce41afece80e,unavailable,2018-05-03 14:15:19,fortaleza,CE,,,,,,,On Time,1.0
36be874974d3616f9a1a763d0ac1d655,8723d93402bcfaadc093eb5927ded5dc,unavailable,2017-08-13 12:26:51,sao paulo,SP,,,,,,,On Time,1.0
1dbe2e0c5594a384eac781a7e46c6011,8e2d6836695a923ba8f55709440ff86e,unavailable,2017-10-27 16:13:11,monte mor,SP,,,,,,,On Time,1.0
0a0e76ba55e310fd24657a1f532b97c1,b26bbb11c1875531633828f729d972ef,canceled,2018-06-24 14:49:59,sao paulo,SP,129.0,77.98,cdad30e46a6fc84785a525ad6b5cf748,moveis_cozinha_area_de_servico_jantar_e_jardim,kitchen_dining_laundry_garden_furniture,,On Time,1.0
5b9680f27b5067afded00b23f9cb4d61,c9d0b6cc7d9fccb750ba1cc6c4b76ecb,canceled,2017-03-21 20:20:14,palmital de minas,MG,,,,,,,On Time,4.0
20ff9b4b339b20ef47cfcda736a17a52,1ba713c8258f756279a049018ce01177,unavailable,2018-01-11 11:59:41,rio de janeiro,RJ,,,,,,,On Time,1.0
1982a20c2a9d116da964e488d59eebe7,3d96734ce2aceaaff2c957f9777639ef,unavailable,2017-02-08 16:14:48,nova friburgo,RJ,,,,,,,On Time,1.0
8eeaa67e826a9308e63f4436bf00a8f2,f68b3b35fb6592a270b5cae3c806d470,unavailable,2018-01-05 09:12:11,mossoro,RN,,,,,,,On Time,3.0
489b43fc6f7840318ee5d83ee35b86c1,55c5664765d4a863df9a739c4d38838f,unavailable,2017-03-06 19:06:47,avare,SP,,,,,,,On Time,1.0
b059ee4de278302d550a3035c4cdb740,262e1f1e26e92e86375f86840b4ffd63,canceled,2018-10-16 20:16:02,picos,PI,,,,,,,On Time,5.0
1768e7971ac449abce2917f608c8a69f,e9d2c30a942b3234199773339073b605,unavailable,2017-03-15 13:20:25,sao jose dos campos,SP,,,,,,,On Time,1.0
52267d8c7f4a0227294efd0ef23fcefb,15a361dca06ed33381b50b0eb45ba5ae,unavailable,2018-01-21 13:23:04,sao paulo,SP,,,,,,,On Time,1.0
c224c9c2f8598269441c76eca7720448,73dfdbee68e446152015276af9215a3a,unavailable,2017-11-21 11:34:01,belo horizonte,MG,,,,,,,On Time,1.0
2922d9dd6672241cb658a40bf507e4b1,3d0daef0dee218b1d11cb7972bf6a445,canceled,2018-07-11 09:55:49,rio grande,RS,97.0,14.98,bfc275f6de912665e4dcd8da32f43c10,utilidades_domesticas,housewares,,On Time,1.0
f05fbff4a434f4d0c1e09000bf45f06f,4e67cc12e03d84ff4d5d51d246135778,unavailable,2017-06-10 12:33:10,sao paulo,SP,,,,,,,On Time,3.0
4af4d191d7e83818829a9af9ea7fcdfc,69d41ad993d5b4166d8ea595656c4c70,unavailable,2017-07-02 20:05:48,curitiba,PR,,,,,,,On Time,2.0
6e27f04e8947d6be930769e3ce557bdf,79a7807093e30526f4087b6f11eded81,canceled,2017-03-05 01:03:51,sao roque,SP,25.0,10.96,69f0f3b1c89b4e731e0b691e00bfbded,alimentos_bebidas,food_drink,,On Time,
0623dbbd06c0d4059dbfefab8748a491,39f31c1aae7c88de15521a33a3d5e44c,canceled,2018-08-20 14:17:09,sao paulo,SP,,,,,,,On Time,1.0
2015fdddda0f27eaf4ebdf451d70a41e,d2f60a4415335f2671dc71a8f25c6396,unavailable,2017-10-19 13:52:04,florianopolis,SC,,,,,,,On Time,1.0
e5812a30b6ae5ceaae29fdb7920e7853,33e79e15e9937ba1bc8f61eedae9e7f0,unavailable,2018-07-30 19:35:39,sao joao da boa vista,SP,,,,,,,On Time,1.0
9eb45b0aa6ff6baf71a20c68414f8089,56b0ca904be7b0eeb32b90627b820f1a,unavailable,2017-07-19 23:29:07,ipira,BA,,,,,,,On Time,1.0
05c852fbe20c108caf9f479633cbe088,d280c55bb8f45e367a7f24151bc99fdd,unavailable,2018-07-12 12:21:56,sao paulo,SP,,,,,,,On Time,1.0
65df8539acbce2e41ba3a4a3ce0a3470,758c9db7a9e5480637d15c22a98eafff,unavailable,2017-06-07 16:08:41,sao paulo,SP,,,,,,,On Time,1.0
574f906eedf477adaf3507222887d81f,77b5c062502dd14e828afd70925d3fa0,unavailable,2018-06-03 21:19:01,novo hamburgo,RS,,,,,,,On Time,1.0
a3ef7e4271c9088cf2d3de8305ef2355,1a674d0bad43d5b5c387fce838e4c428,unavailable,2017-11-03 22:26:44,ribeirao pires,SP,,,,,,,On Time,1.0
5d80dfb48f5c62fe1cbd194b1b6f57bd,12615f4b81dab3cef47fadaff3585279,unavailable,2017-12-04 15:42:31,canoas,RS,,,,,,,On Time,1.0
4a42846a6eed9d15714fe30181399f2a,7f22e12af8517c63331a74e83ac2296b,unavailable,2017-02-17 13:57:00,rio de janeiro,RJ,,,,,,,On Time,1.0
0148d3df00cebda592d4e5f966e300cc,e75fd09539dff5c7c80a12781404ffea,canceled,2017-08-19 19:08:26,sao paulo,SP,5.53,11.85,ed08ea04c92f5f434c2362f7310fb328,utilidades_domesticas,housewares,,On Time,1.0
0148d3df00cebda592d4e5f966e300cc,e75fd09539dff5c7c80a12781404ffea,canceled,2017-08-19 19:08:26,sao paulo,SP,5.53,11.85,ed08ea04c92f5f434c2362f7310fb328,utilidades_domesticas,housewares,,On Time,1.0
0148d3df00cebda592d4e5f966e300cc,e75fd09539dff5c7c80a12781404ffea,canceled,2017-08-19 19:08:26,sao paulo,SP,5.53,11.85,ed08ea04c92f5f434c2362f7310fb328,utilidades_domesticas,housewares,,On Time,1.0
0148d3df00cebda592d4e5f966e300cc,e75fd09539dff5c7c80a12781404ffea,canceled,2017-08-19 19:08:26,sao paulo,SP,5.53,11.85,ed08ea04c92f5f434c2362f7310fb328,utilidades_domesticas,housewares,,On Time,1.0
0148d3df00cebda592d4e5f966e300cc,e75fd09539dff5c7c80a12781404ffea,canceled,2017-08-19 19:08:26,sao paulo,SP,5.53,11.85,ed08ea04c92f5f434c2362f7310fb328,utilidades_domesticas,housewares,,On Time,1.0
e1cbcc0a628610d3a838acf58bb4a8a5,ab19eac6f484238b7fb42f4d97345634,canceled,2018-07-31 20:05:34,sao paulo,SP,88.0,15.72,60f3f578a77557a165e174623faa427c,cama_mesa_banho,bed_bath_table,,On Time,1.0
92fca7ed7b7df4695007bd7f227e3333,858340521d8ba271fb5a0a03816952c2,unavailable,2017-02-01 12:03:36,rio de janeiro,RJ,,,,,,,On Time,1.0
e444dbf63e18f98c43c81f5ccc7ef8a0,ea277807fd29752d687e5b5de76327bc,unavailable,2017-09-25 12:12:02,telemaco borba,PR,,,,,,,On Time,1.0
cd80f267aabc7357c2caaa8848e1cd3c,b52378d2bae15325d2dffddb403ff3e3,unavailable,2017-12-07 12:26:00,sorocaba,SP,,,,,,,On Time,
c49e86b525c30f1b55eaf9abbc9837a6,5105b52fa696cbca4cd3ddade05149fd,canceled,2017-12-06 19:29:14,abre campo,MG,,,,,,,On Time,1.0
c80cc9af6bd1c32747e2f79bc4ad031e,27781ef154ebe459c3aa7c77b45e2529,canceled,2018-06-23 17:34:33,curitiba,PR,69.9,9.62,cea898bfbca0b5b0e7b36cecd350709e,livros_interesse_geral,books_general_interest,,On Time,1.0
4603cc4d4654635e3c16a1ac226036f4,6ffddef348453cd01b33e04527b09df8,unavailable,2017-10-12 16:18:54,joao pessoa,PB,,,,,,,On Time,3.0
dbe2d1c6c34f5c31bb6736e1720c9b7e,1b2ca7e6f04df407b81492b44aef46eb,canceled,2018-08-28 12:45:15,sao paulo,SP,,,,,,,On Time,1.0
a327b5ecc65060cc462211724d715367,f4624f968bb3e8f56c017a5810c49f0a,unavailable,2017-12-08 22:41:10,guarulhos,SP,,,,,,,On Time,2.0
9710f97e7fb3ccd742ef8b5270d8d78f,3eadc791253552b8fd96e5f63b403c8f,unavailable,2018-07-23 12:57:36,belo horizonte,MG,,,,,,,On Time,5.0
f3988a6f6afe000b1617ab4429c5396c,ec31ab57bc5e2588a118777ce93ebaf0,unavailable,2017-07-11 04:47:35,belo horizonte,MG,,,,,,,On Time,1.0
1985dcd0eb8cb683615c1d2b8f324572,6a02391b65b57634144fc612aa9f108e,unavailable,2018-05-01 14:41:25,casa nova,BA,,,,,,,On Time,1.0
cc6c9b89f70b32d7fe075718e0fc58e7,6ab21d4e4c53e3189aa5f0756f477dd1,canceled,2018-01-27 10:52:04,nilopolis,RJ,215.0,21.0,9da950e8c8c482441f1b93955b21c827,cool_stuff,cool_stuff,,On Time,1.0
750ed62dff96bf5713b8c6a6bbfdc948,fd8ae395b4b313a4af523a90a92d6c10,canceled,2018-05-28 11:18:59,guarulhos,SP,87.5,7.48,4b77167175713bd04c8854aa80f09e99,informatica_acessorios,computers_accessories,,On Time,1.0
750ed62dff96bf5713b8c6a6bbfdc948,fd8ae395b4b313a4af523a90a92d6c10,canceled,2018-05-28 11:18:59,guarulhos,SP,87.5,7.48,4b77167175713bd04c8854aa80f09e99,informatica_acessorios,computers_accessories,,On Time,1.0
a59c87e726e3c78e26769a422a140bd3,7879fe9c6ecf38c965286723da56f713,canceled,2018-02-10 12:36:33,cafelandia,PR,,,,,,,On Time,5.0
d43302fdeb00a216e03f8c14c1aa95c5,5363812c31bae08d549b36205b76dc87,canceled,2018-04-13 10:14:55,sao paulo,SP,259.91,8.68,75f3ef6a5cb0f2d5aeef15925f0ccf69,consoles_games,consoles_games,,On Time,1.0
d43302fdeb00a216e03f8c14c1aa95c5,5363812c31bae08d549b36205b76dc87,canceled,2018-04-13 10:14:55,sao paulo,SP,259.91,8.68,75f3ef6a5cb0f2d5aeef15925f0ccf69,consoles_games,consoles_games,,On Time,1.0
76d85afd545b8fc877273a68455675c1,beaac6850b22bcbab22a72f9d8e31456,canceled,2017-11-08 18:40:21,rio de janeiro,RJ,,,,,,,On Time,5.0
b17fd4c033b06e8d888de8ea6105ef9d,802ce2dcb7d0d4a534945e27d53a9636,canceled,2017-03-20 19:38:10,rio de janeiro,RJ,,,,,,,On Time,1.0
7806407a20e7d38caef6b35ea7757142,5b8e2b1579f85b73591611c56267d7f7,canceled,2017-11-14 21:58:32,sao carlos,SP,35.99,0.03,ea3da91e6ba865972f9344cb9265296b,moveis_decoracao,furniture_decor,,On Time,1.0
7806407a20e7d38caef6b35ea7757142,5b8e2b1579f85b73591611c56267d7f7,canceled,2017-11-14 21:58:32,sao carlos,SP,34.99,14.99,3c5ba90e09547db90868e803d139de30,moveis_decoracao,furniture_decor,,On Time,1.0
7806407a20e7d38caef6b35ea7757142,5b8e2b1579f85b73591611c56267d7f7,canceled,2017-11-14 21:58:32,sao carlos,SP,34.99,14.99,3c5ba90e09547db90868e803d139de30,moveis_decoracao,furniture_decor,,On Time,1.0
7806407a20e7d38caef6b35ea7757142,5b8e2b1579f85b73591611c56267d7f7,canceled,2017-11-14 21:58:32,sao carlos,SP,35.99,0.03,ea3da91e6ba865972f9344cb9265296b,moveis_decoracao,furniture_decor,,On Time,1.0
7806407a20e7d38caef6b35ea7757142,5b8e2b1579f85b73591611c56267d7f7,canceled,2017-11-14 21:58:32,sao carlos,SP,34.99,14.99,3c5ba90e09547db90868e803d139de30,moveis_decoracao,furniture_decor,,On Time,1.0
7806407a20e7d38caef6b35ea7757142,5b8e2b1579f85b73591611c56267d7f7,canceled,2017-11-14 21:58:32,sao carlos,SP,35.99,0.03,ea3da91e6ba865972f9344cb9265296b,moveis_decoracao,furniture_decor,,On Time,1.0
9f24a452d2f08d94503f8755cc845362,4b2534468685b1d75b27b711da73f59c,unavailable,2017-09-04 02:26:00,cajazeiras,PB,,,,,,,On Time,1.0
ae60d8ce9aa713ec6cc02a1b15e6759e,924ff59a67457b502f4b9cad742087d2,unavailable,2017-05-30 12:07:33,manaus,AM,,,,,,,On Time,2.0
cb4a79c1e6c9ae44302861e7602cc449,340152332a04149987a705602615f0d0,unavailable,2017-12-06 15:46:07,maringa,PR,,,,,,,On Time,1.0
6e7f938e1ebc4eb4b205b2ad66c5525d,d753489f200ed3b03e0466fbb4192bbe,unavailable,2017-09-12 00:08:18,itabirito,MG,,,,,,,On Time,1.0
80f0181edc2f4a5bd3384a3c39a83cee,88928f221be6f07b3571aad59adbdbb4,unavailable,2018-01-14 19:24:28,sao paulo,SP,,,,,,,On Time,2.0
091deda616c370d63f0bf9a3f525fb34,3c7f809febe004c1753d9cbcc158ad59,unavailable,2017-08-11 11:08:53,belo horizonte,MG,,,,,,,On Time,2.0
b2f39212b22fb44dc0d57cdd6d1790dc,d81e2519a3de0f6a9a5fbc8cdb12368e,unavailable,2017-05-09 19:59:26,bauru,SP,,,,,,,On Time,1.0
9b4fc5c379134e1329bd48641ba285e3,1cf8baaa3547b7f159e6a59b3ef324d6,canceled,2017-07-24 13:22:29,itajai,SC,325.0,10.02,9f2597e311355defa12f1491420d40d5,esporte_lazer,sports_leisure,,On Time,1.0
9b4fc5c379134e1329bd48641ba285e3,1cf8baaa3547b7f159e6a59b3ef324d6,canceled,2017-07-24 13:22:29,itajai,SC,325.0,10.02,9f2597e311355defa12f1491420d40d5,esporte_lazer,sports_leisure,,On Time,1.0
1f9624a22a45c44073523bcf6f1c47a2,fb0ee3da1096d44aeb3bda500a7d33d0,canceled,2017-07-31 16:05:08,candeias,MG,99.9,14.43,4c3165e9df5c5d143e67b5cb41ddfd13,fashion_bolsas_e_acessorios,fashion_bags_accessories,,On Time,1.0
9192399976bb077688f5cf72fc8ab37b,fe163b538b9f14ce8e554c1ebcc66527,unavailable,2017-10-30 13:27:56,sao bernardo do campo,SP,,,,,,,On Time,1.0
dba741d70126a95feb85435175370edc,ecdfffcd4e62fdf81f20794f19b97cdb,canceled,2018-01-24 19:18:04,divinopolis,MG,69.9,16.93,70906e04da1eebf3d1b8791bd09ffe85,informatica_acessorios,computers_accessories,,On Time,1.0
5e0eae0316373e1459c05b539e18f060,c55a939195a2e61cd11395a13f411803,unavailable,2018-01-26 00:49:25,praia grande,SP,,,,,,,On Time,1.0
cb599c234fc71be7c137179b6d473a30,7e3428daa0fb88e55f65223d38c73b66,canceled,2018-01-30 20:13:33,sorocaba,SP,35.9,15.1,394e7e390f3282732faa3a73a6033c3a,papelaria,stationery,,On Time,1.0
6c15888cd708d4c1487eb36753212d69,df6e683f07113fa30062d2f884569421,unavailable,2018-03-07 20:19:42,franca,SP,,,,,,,On Time,1.0
799dc0fd216e2a8e571a2684ddb6f940,a34c42acb1860ba63a4d59e9295ea75a,canceled,2016-10-05 22:49:57,caraguatatuba,SP,128.7,12.29,4a92216ec92c54fca6f132ae1988390d,brinquedos,toys,,On Time,1.0
9a31fd9d697e9670777501f720773fd9,3ee2f03d9b420dd5b3f09c2df2d985c6,unavailable,2018-02-15 19:40:00,porto velho,RO,,,,,,,On Time,1.0
c08dd05931abd8cb08aad3d31e39bfed,23a08414260ab2e277906e5a5851793b,canceled,2018-02-22 20:16:43,itaperuna,RJ,1399.99,23.53,c8e327c0df61bc66cdcf76a588c80154,telefonia_fixa,fixed_telephony,,On Time,1.0
afed0d88ec7753e7be8744bb66e860d1,788313d21c3507fe890921f6e17aa679,canceled,2018-08-02 15:23:07,santos,SP,,,,,,,On Time,1.0
dd3346a58fc7d6db3cb6f403c325ead9,a0b57d0e1a86f382d0711698fa8b1e91,unavailable,2018-01-21 19:04:45,cajamar,SP,,,,,,,On Time,1.0
dc7a419b3cd13b51c38ff9442dfd4009,0fd296454baa751e3cf77a8fb1745725,canceled,2017-03-21 19:17:48,bage,RS,,,,,,,On Time,1.0
14904245b311483b6886be3c2e717e76,07536baf8f8a329db4fca31c3f0b05e3,canceled,2018-02-12 15:49:38,jaboatao dos guararapes,PE,55.0,17.67,57f2bc497c1a3ebe41ba7a06d78ed159,relogios_presentes,watches_gifts,,On Time,1.0
9e99d220ca1057d22b317d36cf203620,5554446bdf14acb1a4ea581d2dcecef7,unavailable,2018-01-03 17:05:21,volta redonda,RJ,,,,,,,On Time,3.0
cfdfd7862e532c4ec1ed1c6a1b56d320,af5454198a97379394cacf676e1e96cb,canceled,2018-09-03 18:45:34,registro,SP,,,,,,,On Time,1.0
2636c69e57fce1b3a556b70f1acd1192,e3563c6f1fd46299584ea1393e0cb5b3,unavailable,2017-03-01 09:02:12,sao bento do una,PE,,,,,,,On Time,1.0
3f2467ae6b5a92494a59e95de0d79ba8,be702ead111ea16e09aba67f992c46c6,unavailable,2018-01-21 09:43:40,salvador,BA,,,,,,,On Time,
756fc608f67478946b31c752681f27be,6bb7c9ac69dc13b436f413acec41a1b6,canceled,2018-08-14 08:14:45,cafeara,PR,,,,,,,On Time,1.0
d15a203ea25983a3a17ec382a8a9122e,29e926c059f7b8bc2ee0b483932e4f4b,canceled,2017-03-28 07:27:16,sao jose dos campos,SP,92.0,13.22,20eec5e935bad5e35e6fd4a6af9b1a63,automotivo,auto,,On Time,1.0
c12c13ee9d5307f765798632ef70d689,4fdfd9295b0a7c52424c7fbaee81a969,unavailable,2017-05-06 00:13:09,goiania,GO,,,,,,,On Time,1.0
fc55691eabf7bd6d38e8d49b4cdd8629,1d49289b3a906433e3ee62d969b5fd35,unavailable,2017-06-07 13:22:49,carlos barbosa,RS,,,,,,,On Time,1.0
baec85e7fa005a17b89b8bf93300cb5f,4ccd02ccc6c6bd7213880ba162e95b0c,unavailable,2018-01-12 02:07:28,guarulhos,SP,,,,,,,On Time,1.0
bb0bb419d930e4bc8c823fc4379347fb,cef3f66c58b52005df2fbba65ba9abdf,canceled,2017-10-30 12:17:51,belo horizonte,MG,25.99,14.1,4cac1a12a6fe9ffba4a9556dbe582e28,automotivo,auto,,On Time,1.0
1e792fcdefb0bb34325cdc1dee84fcea,4fd1dbe5a37041f5f1e8541420d03c18,unavailable,2018-02-11 00:41:04,rio de janeiro,RJ,,,,,,,On Time,1.0
df5f65d2dec68b07404b0aa6f09aee32,2ccc9d32ff6e9a13005c4a500e8ea00f,unavailable,2017-07-17 21:42:18,capelinha,MG,,,,,,,On Time,1.0
82492ccd735c628d8a98d08d7ffbe501,14d50b4bc3b81e131121e74b754f592b,unavailable,2017-10-18 18:21:48,sao paulo,SP,,,,,,,On Time,1.0
c7a5d101d4b6ed70eacc97c78158eadd,a7c8a84341382b33914490420a0394df,canceled,2018-02-01 19:08:48,paranavai,PR,108.0,16.52,a62e25e09e05e6faf31d90c6ec1aa3d1,relogios_presentes,watches_gifts,,On Time,2.0
d7cc5fcfee9af53fcd78bb47e4e55584,11a8cfcffe73f7ed9c4364cdc871b27b,canceled,2018-01-27 10:22:47,sao bernardo do campo,SP,171.57,13.54,f40db27e4f52937182f6294988231376,perfumaria,perfumery,,On Time,1.0
dc5287133fa7ba014e8083e381bf8270,15aeff5530b46581c43114895c9bcb8c,unavailable,2017-11-11 15:50:48,sao paulo,SP,,,,,,,On Time,1.0
59798edc300f7563a9bdf18b2740def9,e8e76b99c4deb6dd66ace26de01e426b,unavailable,2017-07-05 19:06:19,betim,MG,,,,,,,On Time,1.0
b9eb04083d9367fcd3523d0125406023,43fde7ff18992f90a96a5adfa6e95666,unavailable,2017-06-02 10:27:06,fortaleza,CE,,,,,,,On Time,5.0
13d341318c77969f10d77e1382957542,405f6a0f60d44b5ad32044970938191f,canceled,2018-08-01 09:43:22,sao paulo,SP,29.9,8.96,336b5407e252cac6f4e4270979cec8ad,beleza_saude,health_beauty,,On Time,1.0
642b39405abba96bc0e134680e8ceb02,20763743ec53eec3a9949781bf459e6e,unavailable,2017-03-05 09:28:24,barra velha,SC,,,,,,,On Time,1.0
1800254c5ad71baad5c53866d4ed0ea0,fcea87b43cc1301b651cdcf6cf1b07e8,unavailable,2017-11-14 11:38:34,rio de janeiro,RJ,,,,,,,On Time,1.0
641936471bfc717987f997bfed150bd6,22eb98a12ac2a34e7981df4f66ec2fb3,canceled,2017-04-21 16:09:18,sao paulo,SP,11.45,9.34,875fb9ce8ae73f00dff3c9e0f710fe84,esporte_lazer,sports_leisure,,On Time,1.0
83e6338b5cf25dcf222551cb8da8d0d6,60b2ec19b8c18082cdb5180106a97cb5,canceled,2017-08-16 21:32:48,porto seguro,BA,2649.0,43.82,122bedead6e7541d311e6e0ab3cf248f,cool_stuff,cool_stuff,,On Time,1.0
a805d7a514bcde0719f99ddf2a3bb31d,8fe6fc853d687dac18df5b163f84d438,canceled,2018-08-17 14:17:56,aragarcas,GO,,,,,,,On Time,1.0
1db2abc72703311e809fc353b3cc4b65,d2cbe15b2846fe0c978242abcf9c40e8,canceled,2017-08-02 19:21:07,santo andre,SP,39.95,11.73,3f6f946481fd39f4eda986012f6e0447,Unknown,,,On Time,1.0
a027b795d174ac4c8c7fd853838b5744,2ca0a7618ffe667bca2d25dfe576e25b,unavailable,2017-12-12 14:07:04,guaratingueta,SP,,,,,,,On Time,1.0
f434066a90c729686966ab151fa4c7ec,693c64859208c1cc7bb6f65c73836841,unavailable,2018-01-19 01:08:20,maringa,PR,,,,,,,On Time,1.0
858f8fbff9d717450f931fc6e9d15029,3eb7932f075743f0e50b0d9966707e6f,unavailable,2017-10-10 12:09:59,salto do ceu,MT,,,,,,,On Time,4.0
f81e71dd7c044a9ee7c1d6e37d68d64f,08f334e84bc7ab7b588cb7fc77dd7f4a,canceled,2018-08-15 08:34:42,sao paulo,SP,,,,,,,On Time,1.0
05b3514bb9492bc0eb20959fbf445927,e8ddc823809246fabd9c235ef7714630,canceled,2017-08-03 19:04:35,jacarei,SP,139.9,15.73,1dc9d2804c35122e2f168a135f8a56c2,bebes,baby,,On Time,1.0
3b4b5ec89dc09c7aedc74199be65fef7,5c8afe999a4f2e6371c3110b81d19a64,unavailable,2017-10-18 11:33:40,ubata,BA,,,,,,,On Time,1.0
e95c2973b9be01bfe69bd4e1f33346fa,c2691d1ebe8adfc8634704feebd9ba5e,canceled,2018-06-28 12:10:28,sao jose do rio preto,SP,20.0,12.8,c63857f1b80521fbf01eb987423d0ccd,esporte_lazer,sports_leisure,,On Time,1.0
bd51fae4e79d90bca958267d6e6bee30,035b968ba397e88fb108e40bc65de2b4,unavailable,2017-11-17 20:03:46,sao paulo,SP,,,,,,,On Time,1.0
2b68bb35779189904b0cd730eaba3d1d,830380965d8421a9fca3631d665356a0,canceled,2018-05-08 10:11:16,ponte nova,MG,,,,,,,On Time,1.0
9ec3685b1f21c7dfff4f656392b186dd,0ddfa54803cfa2cbdfff70b8620151a4,canceled,2018-02-20 11:37:45,conchas,SP,89.58,17.34,060890b1af8cc031e9dde49cf544f884,automotivo,auto,,On Time,1.0
8d6342c5d498f0042ad00193ce3038c8,e49d22373ddc74c7c00f21bf987905a0,unavailable,2017-10-02 08:56:39,campo grande,MS,,,,,,,On Time,1.0
20e297eefc937e9b79e2cf97e9faddf1,05c8aabbcd0785f177ea403fa77c5204,unavailable,2018-05-09 16:39:41,posse,GO,,,,,,,On Time,1.0
6d97e3d5d9043bb4fa4f8fd0b4d9f230,a90a584ee146a7d150651b37c0c635f4,unavailable,2017-09-20 15:01:41,sao paulo,SP,,,,,,,On Time,1.0
d8716a985f69a46751cc046b0fea0d98,e11c9512b40228a348ef101e69835f9d,unavailable,2017-10-06 12:54:42,sao paulo,SP,,,,,,,On Time,1.0
3716cd16bc2a97768309209eb4d4c6a7,a12fcef9f67b7c5c7aed8cba0250a127,unavailable,2017-11-29 09:54:26,brasilia,DF,,,,,,,On Time,1.0
54ee4ac3ad09faa2237f8a844b4d7b92,6d004368588f6fee399cff4bfd5bf7eb,canceled,2018-08-16 19:28:02,embu das artes,SP,376.9,9.9,b0cdc9ffc6cccfbf62da25a0d63c2d74,brinquedos,toys,,On Time,1.0
b302801106ed1f5eb6f08ccdae6fea99,3773db65dcc8cdff919dc782fa179380,unavailable,2017-07-18 15:51:54,bom despacho,MG,,,,,,,On Time,1.0
2a490849da4cef28b5edaea693b89ac7,cff0857d677e9f5ce1bb5565401666ba,canceled,2018-04-24 08:53:11,sao paulo,SP,36.99,7.39,970630717e7cff3088d05b01d90e36be,brinquedos,toys,,On Time,3.0
b803962943a08a081c52d087e852358c,b88054950162861bde66e9a073293bea,canceled,2018-05-06 20:15:04,sao paulo,SP,277.72,12.57,6a041eb6fc1af9d2634e039453f67598,beleza_saude,health_beauty,,On Time,1.0
261e56a43de07e1b1bc9e8615c8e8aa9,e9afee56bf88242799eaf0f0c2853c1b,unavailable,2017-08-30 15:17:09,sao paulo,SP,,,,,,,On Time,3.0
a8a3eaaf155bc111acb10e0536a9e753,f26af5689353e4f341a4611f24e90aa5,canceled,2018-02-07 12:28:45,angra dos reis,RJ,69.9,16.93,6cd51331a07b84149502aa6c9c5b536e,perfumaria,perfumery,,On Time,5.0
33c4ff80921c70a563083f3e317f7247,5d7ebc17bf6d80838b3b42da27e0a5f7,unavailable,2017-12-18 18:34:30,campinas,SP,,,,,,,On Time,1.0
fc3c882665c98c9b737a7b1b3aa6c553,7ce5c1a457d7d23a2fca222d8f3d37e3,canceled,2018-04-17 18:41:50,sao paulo,SP,28.9,8.88,44aadbb26d5c81d9846b0c48bc00d7a3,cama_mesa_banho,bed_bath_table,,On Time,1.0
caf12c43defcd1c679e73f2398192965,035e7cd88b7450fd33efeca817081a53,canceled,2018-07-02 17:00:50,sao paulo,SP,67.42,7.73,863826c035612c8900c972a10fa3b5b1,informatica_acessorios,computers_accessories,,On Time,4.0
1aecadf4362edaca7fa033e882076c8d,823c47d4abda1f8ce7568145f76c2b85,canceled,2016-10-04 10:05:45,sumare,SP,,,,,,,On Time,2.0
dbcf37e35ce87b02f0707de96a6b99db,266398d6cda9f76c3d993d63287141f1,canceled,2017-02-27 22:23:36,rio de janeiro,RJ,30.9,15.11,e068431664ce238cade1160a834a946e,moveis_decoracao,furniture_decor,,On Time,1.0
acb57c5603a88c7f205dab4c1d8cd344,9b751e45c7edd058729818752c5abf84,canceled,2017-07-05 21:47:36,chapeco,SC,126.64,16.65,05fa60020215fd65f8f8b9dd441f864b,beleza_saude,health_beauty,,On Time,1.0
078f6a01964ee122ef20881df839af31,f755e02e22f99b9e1658cbd2186a212d,canceled,2018-08-06 11:06:21,curitiba,PR,2350.0,69.2,ada6a9116c85d8e56232e0a4265d7db9,eletrodomesticos_2,home_appliances_2,,On Time,1.0
1e4dc51447faa970879bb120932eebb6,5f1cb7a6781fb28e6ac9071e8ae0f9a5,unavailable,2018-01-22 09:27:54,ourinhos,SP,,,,,,,On Time,5.0
3bb3f7783f2e72ad6c1baacfdc807994,2b347f4feaffe91b2923e9e30ff1aefe,unavailable,2017-11-30 16:45:27,sao paulo,SP,,,,,,,On Time,1.0
10ade03150da4c3a784807bae033f361,4a8a841cb76a69535f66997767246249,canceled,2017-09-03 14:54:11,sao paulo,SP,53.99,9.34,36c1e7a02219b5d1e56743473a92e895,esporte_lazer,sports_leisure,,On Time,3.0
d69fcef5a5fe3a3db60ea65c6ee499cc,dc80a79483121fee90b0d2f53d1054f5,unavailable,2017-12-02 10:11:44,maceio,AL,,,,,,,On Time,4.0
fb265b2dc558a56445dfc48f8224e201,f50ca6544a0ed8a52cc964e15cbe9cf9,canceled,2017-10-10 20:21:14,erechim,RS,9.9,121.22,baf25ed4f8f70238cc87230379471454,beleza_saude,health_beauty,,On Time,4.0
620b0acb9258b51defbc51804c5298d5,89ff26f9d000b4a6d0f6e8c513f1cf08,canceled,2016-10-04 11:44:01,sinop,MT,,,,,,,On Time,1.0
037a9cf279c376ab222c9d27be892513,48a5a17d697d2da4735f51e37dfbdc50,unavailable,2017-11-06 13:04:40,dois irmaos,RS,,,,,,,On Time,1.0
b465e6231fb8411e534acc602cff4adb,ba0fed3e80432a2a1679d58a24732c93,unavailable,2017-06-11 23:20:34,sao paulo,SP,,,,,,,On Time,1.0
30e0a586733725ef792f50d33720b961,54d909db6cb5f7bedaddf852f454b9f3,unavailable,2017-03-02 11:07:10,birigui,SP,,,,,,,On Time,1.0
eba9f7d9010e498a2fdd4a48583db537,4d8f12bc9b7ef020d6728530215daca7,canceled,2018-01-29 16:10:57,santo antonio de padua,RJ,79.99,19.8,e6af694343b45b56304ad91974a110b9,utilidades_domesticas,housewares,,On Time,1.0
eba9f7d9010e498a2fdd4a48583db537,4d8f12bc9b7ef020d6728530215daca7,canceled,2018-01-29 16:10:57,santo antonio de padua,RJ,79.99,19.8,e6af694343b45b56304ad91974a110b9,utilidades_domesticas,housewares,,On Time,1.0
eba9f7d9010e498a2fdd4a48583db537,4d8f12bc9b7ef020d6728530215daca7,canceled,2018-01-29 16:10:57,santo antonio de padua,RJ,79.99,19.8,e6af694343b45b56304ad91974a110b9,utilidades_domesticas,housewares,,On Time,1.0
583174fbe37d3d5f0d6661be3aad1786,cdbbafa842e30d5e79dcef5bdc118831,canceled,2018-08-04 19:25:07,guarulhos,SP,89.9,9.38,55a1e3d39ace9c0b217f6c30b04d43c0,malas_acessorios,luggage_accessories,,On Time,1.0
484ce4bf2067023e5184d003c41eb07a,8e465bae21753e53ec554a6bf0a0dca4,unavailable,2017-11-24 12:17:32,brasilia,DF,,,,,,,On Time,1.0
d98c5ae5ced12b3d997f7b614a8f1bb7,c69639ce8dcb5bdba265004531a3747a,canceled,2017-05-23 17:14:58,sao paulo,SP,34.5,7.78,1c42962612d557f85753b24c2b97070f,informatica_acessorios,computers_accessories,,On Time,1.0
d98c5ae5ced12b3d997f7b614a8f1bb7,c69639ce8dcb5bdba265004531a3747a,canceled,2017-05-23 17:14:58,sao paulo,SP,34.5,7.78,1c42962612d557f85753b24c2b97070f,informatica_acessorios,computers_accessories,,On Time,1.0
d98c5ae5ced12b3d997f7b614a8f1bb7,c69639ce8dcb5bdba265004531a3747a,canceled,2017-05-23 17:14:58,sao paulo,SP,34.5,7.78,1c42962612d557f85753b24c2b97070f,informatica_acessorios,computers_accessories,,On Time,1.0
d98c5ae5ced12b3d997f7b614a8f1bb7,c69639ce8dcb5bdba265004531a3747a,canceled,2017-05-23 17:14:58,sao paulo,SP,34.5,7.78,1c42962612d557f85753b24c2b97070f,informatica_acessorios,computers_accessories,,On Time,1.0
d98c5ae5ced12b3d997f7b614a8f1bb7,c69639ce8dcb5bdba265004531a3747a,canceled,2017-05-23 17:14:58,sao paulo,SP,34.5,7.78,1c42962612d557f85753b24c2b97070f,informatica_acessorios,computers_accessories,,On Time,1.0
dd517e36df351de8139a960329ab58da,fce3cbf990e49bda6b74fa9c68640b06,canceled,2017-11-13 10:25:28,votorantim,SP,143.75,15.76,a53009171e5b711cec2681a7871c0016,beleza_saude,health_beauty,,On Time,5.0
8ff1992743a7f3a6daffc9ec9db05cbc,c8592d5ae5bde92205a4eedb41d9455e,canceled,2017-06-05 21:20:51,ponte nova,MG,259.0,16.56,77f896a49e4b52c7886411acf219f98f,relogios_presentes,watches_gifts,,On Time,
ab25d035abca0cb6c74fff900e926246,37aa2bc3ddcdd0ece7aa1516f526a82a,canceled,2018-04-13 05:18:38,piracicaba,SP,259.91,8.68,75f3ef6a5cb0f2d5aeef15925f0ccf69,consoles_games,consoles_games,,On Time,1.0
913677abacbcdc2b2f18b3ec362a0cdd,eda1dce5c553ce29ab7bcd3247392e87,canceled,2017-04-09 11:42:18,vilhena,RO,109.0,25.25,b6467b14d837634f4e04f6f0698e7bd3,esporte_lazer,sports_leisure,,On Time,1.0
1c851b2d3587fe02888b58c64fbc1ab0,ba9839f887179b69f59497695179fb84,unavailable,2018-01-09 16:25:08,capivari,SP,,,,,,,On Time,1.0
32c75dfb830b25a968cfd39e54d315a3,d29d20c2b98be8a4cdfb197a5e0a391d,unavailable,2017-11-07 15:40:54,bom retiro do sul,RS,,,,,,,On Time,
127f3dbf0dfc0da17005ba12e05d988c,c80489e73175d4958c4677b5653d5238,canceled,2017-04-27 18:28:20,recife,PE,449.0,70.22,dceb3f67aef3484498a7caa4ba50f484,ferramentas_jardim,garden_tools,,On Time,4.0
6ec704c9a120baaa6b3e162255ec684b,5d607421da6962c3a1f43b1abccb3119,unavailable,2017-12-30 10:52:01,sao lourenco,MG,,,,,,,On Time,1.0
a3b14686446d3401d67a3421891c34a3,8c266b603fa2abbd026c6cfa0e7e05f4,unavailable,2018-02-09 14:00:02,cachoeiro de itapemirim,ES,,,,,,,On Time,1.0
dd6eb2d6d50c1539804511adb0e4fa41,546c408c60e18bff4156f30d48d62ec2,unavailable,2017-08-13 23:23:00,sao jose do rio preto,SP,,,,,,,On Time,1.0
09f541f117ac3f665dc3aad6d3bb8fc9,79132474f452e159527245c7141ebabe,canceled,2017-04-20 14:54:24,rio de janeiro,RJ,,,,,,,On Time,3.0
1a47da1d66c70489c8e35fe2b5433ab7,b18b6d40c3c5510727e0f22b568d3e1f,unavailable,2016-10-07 18:16:31,porto alegre,RS,249.9,20.85,eba7488e1c67729f045ab43fac426f2e,perfumaria,perfumery,,On Time,5.0
4a1c879db7056f078a037fdf72b6d0fc,d09ec60718e454b7f2d3c0de607d69fb,unavailable,2018-07-10 19:11:10,aguas de lindoia,SP,,,,,,,On Time,3.0
2efab00b70c96a73f5fed910d373957a,334099ce6fb2daf71f1077d6442eb9a5,canceled,2017-12-24 10:07:19,potirendaba,SP,58.0,68.13,3eebb0207da828bf5376257ceca70959,relogios_presentes,watches_gifts,,On Time,1.0
2efab00b70c96a73f5fed910d373957a,334099ce6fb2daf71f1077d6442eb9a5,canceled,2017-12-24 10:07:19,potirendaba,SP,58.0,68.13,3eebb0207da828bf5376257ceca70959,relogios_presentes,watches_gifts,,On Time,1.0
457afd8c764234eb93f7a25268578440,64f74dd56b328dc02d0492da5f0cce31,canceled,2017-08-14 22:13:14,salvador,BA,159.0,69.82,418b40c9e83b7e5ac79e4a7ef975ebbe,eletrodomesticos_2,home_appliances_2,,On Time,4.0
ee11405a850edd187af2fb6e1771bcdb,8f5ca3aafca3333286790de607a88590,unavailable,2017-03-01 16:20:27,lagoa santa,GO,,,,,,,On Time,5.0
ceb533871105f7cda81fafc19e1ee38e,8cda74bcb48b709a90e5441e19b1d759,unavailable,2017-10-20 07:33:11,artur nogueira,SP,,,,,,,On Time,1.0
47282cfe5747c1c19920f090e491d285,ff36be26206fffe1eb37afd54c70e18b,canceled,2018-08-23 12:38:08,campinas,SP,,,,,,,On Time,3.0
ccbd198eb55e22f3b2240d1605961c5f,8a5f848de8330c73a9689d7cdc15fdba,unavailable,2017-07-07 13:24:00,sao paulo,SP,,,,,,,On Time,2.0
4a6c07557205c5dbdeae7e289af5c1c6,320e13a9e22b4e4cda8c17ed1c140ce0,canceled,2017-11-28 13:09:13,porto ferreira,SP,,,,,,,On Time,1.0
20085191cbcabee83a2016eb4a9fbf21,84c8f6c4bb2200e6e7095f64616bb5f0,unavailable,2018-02-26 09:54:44,bilac,SP,,,,,,,On Time,1.0
00daac8efd71674d62356c2a306d1e4c,a8797524cfb4b5c6f1f780cd11d51739,unavailable,2017-11-21 19:20:25,dom joaquim,MG,,,,,,,On Time,1.0
8ac55ad4ce4706e06f7284f61746503a,84b19ed453ffee6b3a13dae20065543a,unavailable,2017-08-13 17:33:09,londrina,PR,,,,,,,On Time,1.0
4f259869d5c650af6f847b027032515b,d3a632335982db082524ce259ab13c13,canceled,2018-04-28 19:25:30,jacarei,SP,139.65,36.91,9cb211b1d12a3222bdf0d49b1c3cbc24,eletroportateis,small_appliances,,On Time,2.0
1ad22e16129698e1a3cc11e4350d2cb7,ef0103e9602d12594d19c2b666219bc1,canceled,2018-09-12 15:32:16,belo horizonte,MG,,,,,,,On Time,2.0
01e7cf79ff6fdb0a65634f714c67dd24,970f8e94d1e9ff19f5362c239c803768,canceled,2018-02-15 14:58:55,lins,SP,27.3,11.85,32a99bb84ae79a55c0e446afc9310e1e,Unknown,,,On Time,3.0
2b0edc4c59d83dcef85466718c36a317,e9429d622d9e764ca60ba01bc252b0a8,unavailable,2017-09-29 19:17:10,suzano,SP,,,,,,,On Time,2.0
d785a3d0046f381b43dd7b218998b06a,187550ba7829d80212753a84d256dec6,unavailable,2017-11-11 15:18:25,sao paulo,SP,,,,,,,On Time,1.0
c021ea4a80ce0d1bce358a2f831c34db,d6da88f652fc0f69dea0db20393a752d,canceled,2018-08-07 15:40:54,fortaleza,CE,,,,,,,On Time,2.0
40fd591202d04d78c987cfc6990ad237,882ec00054fec90395323a306ae89f46,unavailable,2017-09-24 15:58:12,sao goncalo,RJ,,,,,,,On Time,1.0
67b0f3d0a405fc007841f73f2792323b,07a47aaed3703199835441d912aa3c43,unavailable,2018-07-30 21:40:41,santos,SP,,,,,,,On Time,1.0
14cfc006132ad861a3d1b6c7bb9fd8a6,3b80d2592c113d689c05232eb90db0ff,canceled,2018-05-01 11:45:29,sao paulo,SP,199.9,19.48,d9c379ab5377be590da568f41cd3c49d,climatizacao,air_conditioning,,On Time,1.0
31c672e3859d5d55d460ea8dbc39053d,dd95799592e245bb3f6746f25b4e6275,unavailable,2017-02-13 13:56:12,campinas,SP,,,,,,,On Time,1.0
3a40d639b7d8167f255bbb2b7372cddd,06252f261291989025ec516dc69f26ad,unavailable,2017-10-17 15:17:53,araraquara,SP,,,,,,,On Time,1.0
d17cbd88da86748917f52864d1be98d0,7526f21265203925c117f87d654ff1fc,unavailable,2018-02-20 19:08:46,bom jesus dos perdoes,SP,,,,,,,On Time,1.0
983e16bfbe23e60f23a6fcb9c4792204,8d877eaaa7ea4566fd68d52d332feaa5,canceled,2017-03-27 08:24:03,quata,SP,,,,,,,On Time,3.0
d3afe40f7060b3287d948a6bdea42687,4a875173bfb6a79bc80ade998b70132e,canceled,2018-02-05 22:13:02,barueri,SP,26.0,7.78,d44b26fcb399a78808dc8643d991ec14,beleza_saude,health_beauty,,On Time,1.0
998b90bcfc77ff711912c1c14dcff885,dcd091605a479918374eb48b07493d4e,canceled,2017-07-05 21:56:09,indaiatuba,SP,,,,,,,On Time,1.0
91427fef1ca1431d3d86d7bcd0b51ebc,bcf4a3ba9fc736b4c93d6c791a48e6cc,unavailable,2017-09-29 12:00:01,sao paulo,SP,,,,,,,On Time,2.0
27b7289530871ba2c68509ec562b1544,38e49d4eb010c940c54ceabf73aad278,unavailable,2017-01-31 14:54:29,sao paulo,SP,,,,,,,On Time,1.0
e22f8395265cb423def2d5c028f0f34b,b703d83e085a6a8b339dc548f4878ca8,canceled,2017-12-01 01:42:22,duque de caxias,RJ,,,,,,,On Time,4.0
1f5833c59dc618d2d3b9072f51195d16,c0ae5ba53e40c9e3a5df1f5ae90c66f5,unavailable,2017-04-29 09:42:12,sao goncalo,RJ,,,,,,,On Time,1.0
93881917b8e0f2bf11eec7abbbfe43ec,e6925d3e39cebd0f699008b248e58361,unavailable,2018-08-11 21:38:00,jundiai,SP,,,,,,,On Time,
ab76f54a321a0431ef243b3b6865078b,20b3cac71a94917246f3ec368d36776f,canceled,2018-02-04 12:25:42,sao caetano do sul,SP,179.0,10.07,93612dca2cc02cd586ec7e862f2edcbd,papelaria,stationery,,On Time,1.0
3ac2529f6e36838d812d40688453abff,12da9387a0166a8cf3be1948855e7f00,canceled,2018-02-21 01:04:12,sao paulo,SP,24.99,8.72,20126b44913d3e4d5102e915f2558a7d,relogios_presentes,watches_gifts,,On Time,1.0
657467884d9a109179d820f67575db18,6993190a7c6a252ad0afb5128c8522a4,canceled,2017-02-16 11:29:08,eliseu martins,PI,90.0,50.0,fbecfbe44e34c5291e5499870cd5db2e,market_place,market_place,,On Time,1.0
4bd0d8aa4756f78245bd56015d4ddcc0,c90ae099730477670c18582c8b45550d,unavailable,2018-08-11 11:56:24,sao paulo,SP,,,,,,,On Time,1.0
51bda649419be0084a39cb53e9c6f262,1b32669eb9662ee904419de883e59a58,unavailable,2017-11-17 13:16:42,sao caetano do sul,SP,,,,,,,On Time,1.0
3e7ca74af2e30d9f16183f5c9d65ef85,7015aa90b614805531839b6c2229e928,unavailable,2017-08-13 13:53:18,tatui,SP,,,,,,,On Time,1.0
8d7e1e66103b85e9ab12cb65dafdf0e3,3e19244e01ac99a81ef40477138092cb,unavailable,2017-03-25 20:36:01,rio de janeiro,RJ,,,,,,,On Time,2.0
2ec030d65d7742d4afb8df93dd86ba76,4a490384e627a8c422a55f59ae589952,unavailable,2017-03-06 10:24:34,aracaju,SE,,,,,,,On Time,1.0
88b90300d5ba09ea058e45b94c98b808,c429aa916ecc09127c1600d98da144a0,canceled,2017-03-28 13:53:04,uberaba,MG,479.0,13.96,22dfa7d077d1088aba3095c67ee10a9a,informatica_acessorios,computers_accessories,,On Time,1.0
47880652c5245fbeccfe7a58e8d841e5,296b245d6ab112891351396869ada4d6,canceled,2017-08-28 14:56:13,rio de janeiro,RJ,182.0,17.52,3af9d305a8389f5badc664382683a532,moveis_decoracao,furniture_decor,,On Time,1.0
a37c3175caa4465852b788987ca46d1a,4ce147ac48357f3fc3fcaf3f50e36be1,unavailable,2017-10-09 19:39:21,lencois paulista,SP,,,,,,,On Time,1.0
7d576f29bdf44b7857414baff1c788b1,f567304f84e1915e1b870a66d5225806,unavailable,2017-11-12 17:34:16,colombo,PR,,,,,,,On Time,3.0
4472eca3b65b1dca5e0d59c0e4e0c6bc,1dcc7becfd4d62e031998c70eb24bae0,canceled,2018-02-10 07:39:19,sao paulo,SP,119.0,8.09,d79c712e7afe8f0fd59b749ee1e4fc97,relogios_presentes,watches_gifts,,On Time,1.0
821c1b3c87d17a24efad81096bee5f09,4628eb5d381e37b130a6b0cb32110558,canceled,2017-10-21 17:39:23,sao bernardo do campo,SP,124.9,13.43,9f6e8441548dd40516cdb98f1b29c3d5,Unknown,,,On Time,1.0
667a6d329a62f026cfb2e41a6510a858,452b6dce944359e5fea9c6144484a9bd,canceled,2018-02-27 10:12:23,osasco,SP,59.9,11.73,e09cef1f7f2bc3a9c9d996608944de19,cama_mesa_banho,bed_bath_table,,On Time,1.0
b7c0d5af4a5a6374adedc4dd9ab21923,be31ab006786747df81854035a1960f4,unavailable,2018-01-01 23:50:58,rio claro,SP,,,,,,,On Time,5.0
453d6f15ae1c7406d6ec6a5ee3909b82,ffb5431b49b42c9f3209f087e1bfdcfa,unavailable,2018-02-09 17:34:55,rio de janeiro,RJ,,,,,,,On Time,1.0
cb903ba48840fca21bc4c8a7382b4960,2905d3311b2a67382390f97d14e9d7b1,unavailable,2017-09-13 23:32:55,campo grande,MS,,,,,,,On Time,1.0
d67b79fea59821fda4d363d337a56c3a,e60a2f22d58d6608ae46df3a7c65ce5b,canceled,2018-08-14 11:17:20,sao paulo,SP,59.9,9.17,cbfdbf24b32d9aceeeff3e9c77fd9d36,moveis_decoracao,furniture_decor,,On Time,1.0
259fe605870f08ddf83ebb61f204b9e1,ff222edf83338ca6b35f8e29871fa07a,unavailable,2017-08-17 08:58:59,bauru,SP,,,,,,,On Time,1.0
55f1a7153e4d67447465073ad9490f04,2615f18f801b0156237b068570d64217,unavailable,2017-12-04 13:14:31,itu,SP,,,,,,,On Time,1.0
71303d7e93b399f5bcd537d124c0bcfa,0eb1ee9dba87f5b36b4613a65074337c,canceled,2016-10-02 22:07:52,sao paulo,SP,100.0,9.34,d2998d7ced12f83f9b832f33cf6507b6,bebes,baby,,On Time,1.0
742b5d98b8903f6f6a0af740ddd60f2c,938f894ba82b487c35a6a6eeb1349248,unavailable,2017-02-14 17:33:54,paraguacu,MG,,,,,,,On Time,1.0
e6152cd6ca627fc4f0f5deddea24f7c2,adf086074fbe538f3349023a48c10cfd,unavailable,2017-11-29 13:23:16,sao paulo,SP,,,,,,,On Time,1.0
52b7f26dd95604cb836ba17f96a6b056,473ee5a301fe8ca129bc93d5eb7c8bf6,unavailable,2017-07-05 05:55:39,curitiba,PR,,,,,,,On Time,4.0
50503051a38d8ee049d1226032c7d82d,fb206a92371c28e6d26065aeb5759faa,unavailable,2017-12-05 10:13:03,simonesia,MG,,,,,,,On Time,3.0
fd01599ab4ac4b1c1f5a5d16a7871d72,3b5e5806f7dd2e20f1f3ddbca8b3ec4b,unavailable,2017-12-08 09:45:27,sao paulo,SP,,,,,,,On Time,1.0
5fa64c45b0cb986d05533f91c67c801e,7572e5cef60b963282594a4475752b3f,canceled,2017-10-01 08:15:15,montes claros,MG,89.9,14.36,57d2fa6882b789ad55e86074398826c4,perfumaria,perfumery,,On Time,1.0
5517dcebf1ab177978bae7e7c66de1b6,c58977871f50396961d4215dde0bd4d7,canceled,2017-04-27 12:57:53,sao paulo,SP,,,,,,,On Time,5.0
129ea9ae4b85283decb23ea1756f505d,8a3bb3e78e9a0ffbf3e47f8fb749b4cb,canceled,2018-08-09 08:09:33,rio de janeiro,RJ,,,,,,,On Time,5.0
ed3b18e876bbc16bfe330cd934aa0f68,03b2cffef7bf1140a4dc136a673d6b11,canceled,2017-09-11 20:07:36,franca,SP,49.99,19.21,491067a4bc3ca4303e9fba74d629412c,bebidas,drinks,,On Time,3.0
57a82f32fdb1ce036662861d8dbb6a6b,63fcbecaac621e776121f5ba274f650e,canceled,2017-11-20 21:36:39,sao paulo,SP,49.0,7.78,5f0e89246f7a6648983bdac37e5a16e2,fashion_roupa_masculina,fashion_male_clothing,,On Time,1.0
596288a27579ad1fec1d704efe7d9ab7,d9456ef6d4231fb2637e490212b3e32f,canceled,2017-08-30 18:48:01,sorocaba,SP,,,,,,,On Time,
2fd1c83dd4714cf3cf796fffb6c8de62,30fceee7cb0dbe6926f2b1128f2b3648,unavailable,2016-10-05 17:21:29,belo horizonte,MG,99.0,9.12,17c7ec33a1657924ad493e6978b4bf91,bebes,baby,,On Time,1.0
2fd1c83dd4714cf3cf796fffb6c8de62,30fceee7cb0dbe6926f2b1128f2b3648,unavailable,2016-10-05 17:21:29,belo horizonte,MG,59.99,24.08,966a067b38634929844120e39b1576bc,bebes,baby,,On Time,1.0
a0e71b06151dd529dd0d71f578cd3457,3b89c5ae5ede6cc774386d606ded6e77,unavailable,2017-11-05 20:59:18,belo horizonte,MG,,,,,,,On Time,1.0
f7dca277a6bb273200598f0e36319d94,597e54e653cbc1ce5df1e6d97bbc448c,canceled,2018-03-28 15:49:07,sao vicente,SP,29.9,38.14,ad30079acfcea22be08f603414dbc0fe,moveis_decoracao,furniture_decor,,On Time,2.0
9f0e70e8d046d9e0626bbdaf1aff88c4,b46143871bd7f63bcbd5acd898b5e1ee,canceled,2018-01-24 12:12:58,belem,PA,126.69,39.88,363a742635cc645c207ce8102de9b837,moveis_decoracao,furniture_decor,,On Time,1.0
30d7af26cb5f8577b5c6a0164dc814c5,ab4a2b8d2a955029eb49579cbb027994,canceled,2018-07-26 12:45:33,sao paulo,SP,28.8,11.22,47488bf996fd46283813059897e71e1e,fraldas_higiene,diapers_and_hygiene,,On Time,1.0
00a500bc03bc4ec968e574c2553bed4b,cd88b962adbc4b174353217f99dc6174,unavailable,2017-11-23 10:53:01,salvador,BA,,,,,,,On Time,2.0
18c528b07b50f67122420d4b645dc84c,46874bc6fc16480a98c60bbc364d87c3,unavailable,2017-10-25 13:37:41,sao jose dos campos,SP,,,,,,,On Time,1.0
e166acfe96bd9d1f25a6c905d7ca39fd,baebfe959a654aa97bd3e0b179a31c3c,canceled,2017-08-12 14:01:23,governador valadares,MG,449.9,17.9,f1aa9d01a0ddad2937f722cb61abc03f,automotivo,auto,,On Time,1.0
ddb580e0827e6b997875e7b5612b8093,e0baf07bac49e0b01d1b7176922ea2c5,unavailable,2017-07-17 21:00:11,franca,SP,,,,,,,On Time,1.0
45863486f903e4fbfe9a18dd7aebb8d3,0be6fe889a8bc9c09d29602bf76ea1b8,canceled,2017-10-20 16:14:06,sao jose dos campos,SP,82.9,8.78,db6065d633b0e40022ef1de6181bd1dc,brinquedos,toys,,On Time,1.0
897b4da63b6edde1a33a9fb7caf1dd10,0c39cc8984e30ac517c69a6671be71a7,unavailable,2018-07-30 07:38:21,aracaju,SE,,,,,,,On Time,1.0
d0fcf3d6dcc18a5c4ac51f06a56ec683,db8dfeaef03e6bb2e727fe5fe4f1ffa5,canceled,2018-01-31 13:05:16,lucas do rio verde,MT,140.0,23.85,731f32f46216108c900621c487081dcb,automotivo,auto,,On Time,3.0
a8b78b69f09b2a198f5a89c1897f8c72,74d331122a116cb1689a0ee6e646979e,canceled,2018-02-17 17:16:24,sao paulo,SP,20.99,11.85,e3c816666a7d2a1e7fbf02651e550b78,Unknown,,,On Time,1.0
d8a40a1358d3b2dca231abdaa566b054,04f6eb99852a2a911082d4e8f3a882f6,unavailable,2017-01-25 01:20:19,sao luis,MA,,,,,,,On Time,3.0
6b5ccf5385890198c54fa97afe4812bc,8177a205834047ab1d259c3e783b8402,canceled,2018-01-30 13:37:28,vila velha,ES,349.49,28.77,d9545b3e8df3155bca5b302d0f7c3c1c,informatica_acessorios,computers_accessories,,On Time,5.0
af6a9f579c74afeefcd5f32733c11a32,58ea905ceb40d3eae49a289e92693ec9,unavailable,2018-03-23 16:45:16,sao paulo,SP,,,,,,,On Time,2.0
98464a5096e400810b94bb93f38924c9,5eed8cf8c54bff340300c214ddc32db4,canceled,2018-07-12 12:01:37,novo hamburgo,RS,2299.95,104.77,3db0b74faf0d26a6b252528659d6b849,cool_stuff,cool_stuff,,On Time,1.0
a9491b6c990bc3b79967c5f058e46d8f,78e245c3401dbe1b63ca0296f40a3c38,canceled,2018-08-16 13:07:32,sao paulo,SP,126.94,11.91,afb52012e0c69e1b6af6c48d2a62f760,beleza_saude,health_beauty,,On Time,5.0
96e78a16640bdff7370dd73cb821fc01,395e3187ccf0df6a57f81f778b896251,unavailable,2017-07-02 22:15:35,curitiba,PR,,,,,,,On Time,1.0
7644fdc557b95c452791b3c1791efc08,cd9e3964b00c917aa97a9078283e9c3a,unavailable,2017-11-24 11:02:33,curitiba,PR,,,,,,,On Time,1.0
876ac30251a0518e1fd87b6ec049df00,3aa5cf591e61982bce8cd028718825a7,unavailable,2017-07-27 12:37:27,rio de janeiro,RJ,,,,,,,On Time,1.0
46eb75885eca03736c4188871c0a9ba3,6d23acdd09a2f24815b1f5e61df344b1,canceled,2018-01-29 22:54:58,vargem alegre,MG,170.0,18.44,ff7fccf8513f360157f0660fe51d1d88,esporte_lazer,sports_leisure,,On Time,
00310b0c75bb13015ec4d82d341865a4,ec979208947bbba310f2ad8e50963725,canceled,2018-08-15 14:29:08,belo horizonte,MG,39.9,15.38,c8e7c2ef329fcda4a233e7e2f8bb8b7d,utilidades_domesticas,housewares,,On Time,1.0
f8f45ebeb38088c44d98d201371ea345,6420296dd74d32cdfd553d4b98fa8ad4,canceled,2018-02-11 15:59:41,cristina,MG,69.9,17.74,de17feec1983829fec4bc58cadaa43f3,utilidades_domesticas,housewares,,On Time,1.0
dc69158eb223d2e98bbaaba4c9f81c87,785e05b3ef84cf1c2d565bc33266e5d1,unavailable,2018-01-13 12:26:08,sao paulo,SP,,,,,,,On Time,1.0
075cc7ce268544c780299db653d21467,7e8444fb4d74e0b442515b38a13de897,unavailable,2018-04-20 09:39:52,sao paulo,SP,,,,,,,On Time,1.0
a9bfa6ed984d0688f6e53d537d9f69b0,5dfefe306589a5fced96030b0028b5e7,canceled,2017-07-26 17:06:02,sao paulo,SP,27.99,7.78,243bb58796ed2164b831fb75e1241888,automotivo,auto,,On Time,3.0
0667c8670e40ad2783c71d45ceb361e0,a43665ec9c4db99597f04984a193e5ed,unavailable,2017-08-27 20:25:18,curitibanos,SC,,,,,,,On Time,1.0
75020ffff57f14ba95e2562980ae510f,d518cc1d514aaac9cc4459b5cf8891bd,unavailable,2017-09-19 17:40:29,sao paulo,SP,,,,,,,On Time,1.0
bc99558709784e3ae0b9f8dbff8c06f0,0c17966568c69f8f827f574911f8b729,unavailable,2017-11-01 14:27:33,sao paulo,SP,,,,,,,On Time,1.0
b102b42cde7719ae4b7c0163cf4d7dbe,e6615c36920f67f15822a79168d7d32d,canceled,2018-08-29 10:15:27,mogi das cruzes,SP,,,,,,,On Time,3.0
ee234bfd26ca588915483995d811c1d0,1350e2fa0415f0c50796bde8c33325a2,unavailable,2017-11-29 08:39:03,sao paulo,SP,,,,,,,On Time,1.0
6f3772f092a98dfbb37265f3186ba374,3dc61372072b2ba11ac143e93da218e1,canceled,2017-05-26 12:42:13,sao paulo,SP,,,,,,,On Time,5.0
45875d4bdc0209b3020175f4151d9850,eccc96172ce0081936206d5b5bdde155,canceled,2018-05-17 16:38:50,sao paulo,SP,37.84,8.88,866294ab885455ed4543a8be0ddb0b99,cama_mesa_banho,bed_bath_table,,On Time,1.0
457cb961f89e32569e2d9a737a65b3bb,b118d6ef1262db7e0bf20ccff0b32432,canceled,2018-02-08 17:02:46,barueri,SP,14.98,11.85,9aa27aaecd804beb57af8e700fd6e681,bebes,baby,,On Time,1.0
ac446e82125c862fbe4c638d69f807bb,39bd660f04727f543f878c1e1103e2df,unavailable,2017-04-06 13:17:49,sao paulo,SP,,,,,,,On Time,2.0
119d388c6a2ceb03620dcd86c45f65a5,35939cf85d11299a5322582f0ec20f7e,canceled,2017-11-15 10:43:14,brodowski,SP,85.0,16.19,83bfae859f4a37b048a3abcecb17c506,utilidades_domesticas,housewares,,On Time,1.0
7d92b1e737c6ee25a66b4bddf1f8be8d,7801c4b924e19c33c0601c0fb43a023e,canceled,2017-09-01 22:43:44,sao paulo,SP,53.99,9.34,36c1e7a02219b5d1e56743473a92e895,esporte_lazer,sports_leisure,,On Time,1.0
6c0c4ed997d520a3b737650e43c8e042,4d771e376ba090abda9ca784d8822f10,unavailable,2017-03-04 23:45:25,brasilia,DF,,,,,,,On Time,1.0
94aa3ae1cb5c1c152c6cc757b68bb659,a4eb9dbf808182ac97ea9191d6ffebc6,unavailable,2017-09-26 15:31:52,uberaba,MG,,,,,,,On Time,1.0
32bc13d17332ed4f07e360611c146b87,f02ddd97be3c080ae1694d2200fee09a,unavailable,2017-11-28 22:54:39,sao paulo,SP,,,,,,,On Time,1.0
10e080f0e43ef41f43b9ff6da4451835,df136c686804f763b62d6b3bee85ba70,unavailable,2017-03-02 21:27:17,ribeirao das neves,MG,,,,,,,On Time,1.0
2559552ea70a7caa245eca67f410a3f4,75a6e6bd47d77cea03442dc292d48b02,unavailable,2017-10-22 20:44:47,sao paulo,SP,,,,,,,On Time,3.0
0691511b757c6190f85d5c20481ddae1,bf77f7e1f3be1c38f6686194ad96365a,canceled,2018-07-17 23:30:05,cacapava,SP,199.0,18.52,03dc797f6faaa324fb633c518ff3f326,beleza_saude,health_beauty,,On Time,4.0
5d366aa092ca44b2efb23f0c5d1e3726,ab05384b69b568cd123d40c97b5922e3,canceled,2017-06-16 15:39:20,sao paulo,SP,49.9,15.1,951b0c4b9f14bd5f821ceffb3cd6bdeb,beleza_saude,health_beauty,,On Time,1.0
553fee3c21ab4328508c8e467806613e,23c536b39a65168e3e34354b80b4ecf2,unavailable,2018-01-12 23:57:07,jequie,BA,,,,,,,On Time,1.0
0584a31bb6abbd3dcc27e2d464ac863d,84b466308dc3c57f4b1099c8ea8c671b,canceled,2018-02-18 15:06:15,sao paulo,SP,12.9,8.72,acdf5c2a687407b37b00081300de0bdc,construcao_ferramentas_construcao,construction_tools_construction,,On Time,1.0
cfbf015b7e4efd77c1a2ee7e337aea60,e677e3ecf81af42f9bb403785fff0904,unavailable,2017-11-07 17:12:46,mangaratiba,RJ,,,,,,,On Time,1.0
79fe48b364804e62431c8f465e16f76e,f0d35e234997ee63e62d77f2c863fd3c,canceled,2017-11-09 06:13:41,cajamar,SP,57.99,24.72,f128effc5b8e4d1f23069c06f855643a,pet_shop,pet_shop,,On Time,1.0
442474d2063d0b9b957785f2e4773865,7b47476bd22d79e6c7989cde5164b31c,canceled,2017-08-13 22:24:19,sao paulo,SP,69.9,16.12,a42d9c825894f96fc6ed02610891454d,esporte_lazer,sports_leisure,,On Time,1.0
2f346d92b11fcc7c342b3392b174cf3b,d002a27a4bee5555723eb6454eb861a6,unavailable,2017-12-07 11:53:32,nova cantu,PR,,,,,,,On Time,1.0
d6f1fd48e3b9fbaa5ed2794838559afb,7d083bf69f7145878911f1085cd2f356,unavailable,2018-06-25 00:03:57,barueri,SP,,,,,,,On Time,1.0
bbdef4b5ecad947f721ab789db1dd57f,a5d802afa1d094ec8861e4a911c328e5,unavailable,2018-03-04 22:14:40,sao paulo,SP,,,,,,,On Time,5.0
ecae73914f65a01db35cc609281364ef,3e05cc5dea6032de7ad2824d0d719740,unavailable,2017-05-31 09:52:11,rio de janeiro,RJ,,,,,,,On Time,5.0
a1e04e78fc657db74aaba58eca1e87a9,9ff407e54f1f360b681b408193336c6d,canceled,2017-07-26 13:39:14,sao paulo,SP,139.99,14.0,7a6a8e721213b9881cfcb60aaafcc3d3,fashion_calcados,fashion_shoes,,On Time,1.0
66cb680674721f9816e366a15a93633f,11f2b98ce9ffae7d52c8dc672427f819,canceled,2017-03-28 20:53:24,curvelo,MG,,,,,,,On Time,1.0
3b090f7fe6e2cf01b468a154dc9c546a,24f2ae154b8a14d2f9d5cd7e07f8c368,unavailable,2017-12-06 11:06:41,maua,SP,,,,,,,On Time,1.0
572c4bbf0f5f85a9b4a2c4fe0c7f04d5,230a1e9f42924d41f37fd22a1d4a9707,canceled,2018-08-30 15:11:58,santana de parnaiba,SP,,,,,,,On Time,5.0
ca7296a83aa279afb28c2388a4f48891,b830bedf28690adc283cc2fc24a61768,canceled,2018-02-07 09:48:08,arealva,SP,89.99,12.97,2b4609f8948be18874494203496bc318,beleza_saude,health_beauty,,On Time,1.0
42202323e8e5319c107e361d55ad0de6,ee1b7bed993cf17e131f4fb1ef5f4987,unavailable,2017-10-30 16:06:30,sao paulo,SP,,,,,,,On Time,1.0
88a7f34793df2b92c81d02a09cec8e89,2975f73296ceeadcbd508aee89be1822,canceled,2018-08-06 15:55:10,esteio,RS,113.25,16.98,29f21b78dda7fd755d89ed7cb57ca813,consoles_games,consoles_games,,On Time,1.0
fdcca0e15a4d03e3fb89fb14664a3744,3ba7980dfa14cd3508fa58c4198ce202,unavailable,2017-09-11 20:02:08,valenca,RJ,,,,,,,On Time,4.0
616fa7d4871b87832197b2a137a115d2,634420a0ea42302205032ed44ac7fccc,canceled,2018-10-01 15:30:09,pirai,RJ,,,,,,,On Time,2.0
54b267f79786d7ac585ab0aac88d6da6,e37b8ebc20995d016a18233570d37ada,unavailable,2017-07-24 23:36:40,taboao da serra,SP,,,,,,,On Time,1.0
e58fb7bfd033514475ab0883ded704f4,8cda74bcb48b709a90e5441e19b1d759,unavailable,2017-10-20 07:33:10,artur nogueira,SP,,,,,,,On Time,1.0
c581b368f1c9fc02caaa71e42809baf9,298015aa1d73599b01d9c872b9b6bc1d,canceled,2018-08-10 14:44:24,pelotas,RS,,,,,,,On Time,
bfd31c6f76ff82a41e7beb05565aec4d,c31f4549e788bd1e0afbd0cc8d64c671,canceled,2016-10-04 14:51:15,uruguaiana,RS,239.9,12.29,b4b1c13bd539cdda68bd9a5e899767fb,telefonia,telephony,,On Time,1.0
550f1d2fa6888807a4ffb1d80d06f899,aa7032eb017f63dbd04acafeb8f432a8,canceled,2018-02-18 21:00:47,pecanha,MG,87.9,15.37,8dda896c24bf8d01cb943bddbf772b65,esporte_lazer,sports_leisure,,On Time,3.0
a536059a071793ef05e7e63cbac9d50e,ecf38f5463ae0ba454bba9658371bc3d,unavailable,2017-11-20 17:13:05,campinas,SP,,,,,,,On Time,
bd7585a77f0aa76b3775bb68fb293356,5af5dbed5fbe8770e904a516bd29700c,unavailable,2017-02-08 10:46:02,prudente de morais,MG,,,,,,,On Time,1.0
f13f9687a8bac6985d50487fb92000ba,743d8ab0e2ea831f17a024125530ac8e,canceled,2017-11-15 10:07:27,rio de janeiro,RJ,179.9,22.1,fe644da1135fedca6aa0bf794fab71be,cama_mesa_banho,bed_bath_table,,On Time,1.0
d7198cce0076c5cefda313c12776334c,0f8c883d261ebcd03a9b3a911ffef65d,unavailable,2017-05-12 19:02:52,francisco morato,SP,,,,,,,On Time,1.0
0a7f4604ee9cab65020038275efe1d76,e9fcfa1ff75dd047ce6a054c2fa22caa,canceled,2018-07-08 18:44:18,sao paulo,SP,11.27,12.79,67ff96903c597ba4b1d7f668734bc3a4,construcao_ferramentas_jardim,costruction_tools_garden,,On Time,1.0
0a7f4604ee9cab65020038275efe1d76,e9fcfa1ff75dd047ce6a054c2fa22caa,canceled,2018-07-08 18:44:18,sao paulo,SP,11.27,12.79,67ff96903c597ba4b1d7f668734bc3a4,construcao_ferramentas_jardim,costruction_tools_garden,,On Time,1.0
0a7f4604ee9cab65020038275efe1d76,e9fcfa1ff75dd047ce6a054c2fa22caa,canceled,2018-07-08 18:44:18,sao paulo,SP,11.27,12.79,67ff96903c597ba4b1d7f668734bc3a4,construcao_ferramentas_jardim,costruction_tools_garden,,On Time,1.0
765917871914309e5c5f9ed151155ad4,127dc2b3f386b02b97875626cc80adf4,canceled,2018-02-26 11:04:23,guarulhos,SP,55.0,7.78,aa8d88eb4b9cb38894e33fa624c4287f,relogios_presentes,watches_gifts,,On Time,1.0
3c3df3dd2afaabb39a53131f9ce98116,6b19a736d2caf6c16c7355879c33cff4,unavailable,2018-01-25 14:52:00,vargem grande do sul,SP,,,,,,,On Time,1.0
ed1acc924e85e293849485a9d5dc3498,20fe486194560cc4efd0100f5ac86944,unavailable,2017-05-15 10:54:23,governador valadares,MG,,,,,,,On Time,1.0
a162da83b66ff8c619d83b87c1de93b9,6e5ae65e6fe7ab42b23fd320e88ea33a,canceled,2018-08-07 14:27:32,rio de janeiro,RJ,249.0,42.72,3c0c25556095f68ed9d05df570c9c587,pet_shop,pet_shop,,On Time,1.0
a8ebe927b1b85cc950bba001cac770f7,adfdc84671ccd55dc3c4aa31b363bfb4,unavailable,2017-12-06 19:45:34,sao paulo,SP,,,,,,,On Time,1.0
c037dd9db2ac27aa44381219612e91ba,6e59e6f05dc89b195475d81418aad42a,canceled,2017-11-10 01:45:04,brasilia,DF,,,,,,,On Time,1.0
0e5e60b0cddf73f60eb73fac19f590cf,0ab0b26b040f65ea7d00172abc8898b3,canceled,2018-01-28 21:31:07,goiania,GO,120.0,50.71,c4baedd846ed09b85f78a781b522f126,ferramentas_jardim,garden_tools,,On Time,1.0
cf5508a6ae55421646b0683bb605ac74,716e19f14e35f06abf2ae6006761202c,canceled,2018-07-08 13:34:57,maringa,PR,169.0,19.28,73a6e085799e9c92a2c854ec9627b28f,informatica_acessorios,computers_accessories,,On Time,1.0
ec36a2bdf65bba1742263a91c4f251ae,c7c439a7b0dae4d7385c6d7037e7b714,canceled,2017-02-28 21:49:29,montes claros,MG,139.0,20.27,361009da0572b0d1d961d347f10e09b1,moveis_sala,furniture_living_room,,On Time,1.0
66e4a36ff490014773971a6ee0b6a0e4,d35b852498996bd67a141c266e92f35b,canceled,2017-06-20 12:39:25,sao paulo,SP,,,,,,,On Time,1.0
f62c7996783afdbec5f6c8afc0c8a040,afdb56c43e6237d830ebdd076681d68c,canceled,2017-10-12 11:49:29,sao goncalo,RJ,29.35,15.11,e8b2fecb5049dcecf8c1ff4cfdb03c61,informatica_acessorios,computers_accessories,,On Time,1.0
4c1eb4e6d52d42048614e4c46f3c5f9e,eb90118235e04d92da467525ac93e807,canceled,2018-08-03 18:52:57,rio de janeiro,RJ,212.99,27.79,9bd556e1c4a7917679b89ec2075e9cba,utilidades_domesticas,housewares,,On Time,1.0
27d6012b882832dc9ddcf34304eeb77c,cb47d51801e7379766c5cd8ff623f37f,canceled,2017-11-11 10:44:49,campinas,SP,89.0,7.88,3efebb35470259ef6ca0f8fa282631f7,fashion_bolsas_e_acessorios,fashion_bags_accessories,,On Time,1.0
51192863a004d47d0e4f5bf5384bf88f,28b506334071b7dfadd7bd023d9115c4,canceled,2018-02-13 15:58:33,tatui,SP,,,,,,,On Time,3.0
0cfc5b8b63bf71f738f96e68adb96b3d,80a18d7c92a893bcc6cab134034a698e,unavailable,2017-12-05 20:48:42,sao domingos do sul,RS,,,,,,,On Time,4.0
ec88cd13421e27489ffc1f352247f3a4,cce3432f546c60893bd2ad7a2001148a,canceled,2018-08-24 16:38:44,belo horizonte,MG,,,,,,,On Time,5.0
0da43144c61f413957a7e7c8b2555dad,66cb7c51598afa255bcd47a284310f9d,unavailable,2017-10-13 17:57:20,teixeiras,MG,,,,,,,On Time,1.0
f319cdb9500c67c7a9f1b340da9c2d4d,7ac556717358b407f895dcd15b583b1b,canceled,2018-05-21 18:19:37,dourados,MS,57.99,22.99,1b43b0a6105ffaa6dae01356daec2657,beleza_saude,health_beauty,,On Time,3.0
ac7431b880a4ca43d70096a6dfa49071,9019da6f089f38e44005741696374b88,canceled,2017-06-15 22:25:11,rio de janeiro,RJ,31.9,15.1,db7519522818a6db0f264d6b4a16c40e,moveis_decoracao,furniture_decor,,On Time,1.0
41c3bd8a34828a1a9ed3bae14a535afe,89eb20595e9e340b1dccb5f17445e60a,canceled,2018-01-23 15:43:48,fortaleza,CE,279.9,26.41,90ebb732ad20456afe8516eb5fbf75f6,moveis_decoracao,furniture_decor,,On Time,1.0
24cee263ae15271412b77854eb10b840,b090fd67efe21ab297f5c0c6cb040e31,unavailable,2017-11-01 18:16:28,sao luis,MA,,,,,,,On Time,1.0
cbc0f78d9e0d7cd99582cd7552cfd64f,3db9654cb5274f5b9e70960acc045dc0,unavailable,2017-02-14 11:45:11,rio de janeiro,RJ,,,,,,,On Time,1.0
0b16257b1b7ee0922ea03954f2cae85a,e4bc521307b39cf70dd8f0347e342f87,canceled,2018-08-07 18:31:25,rio de janeiro,RJ,113.1,8.21,49f19939bc5c8639e06c36d3bf01ee98,brinquedos,toys,,On Time,3.0
e51a8e1d0f0a0cc6eae0b605b53cf9ed,51bda701d0f05d2f70b31a6759c39eed,unavailable,2017-06-04 21:37:58,deputado irapuan pinheiro,CE,,,,,,,On Time,1.0
a20244bef3bafb6f4d37e3603539336d,6ef157b9dbeb8f79b07a06de1cfeae4e,unavailable,2017-12-14 10:33:27,governador valadares,MG,,,,,,,On Time,2.0
fbd87e9a66a24294c9f8deb5efca45a1,27791b8d9ada88837fbedddca950c541,unavailable,2017-07-06 12:53:40,ilha comprida,SP,,,,,,,On Time,1.0
8b08f0e729f58529ed03e763270f78d5,21c2c79d24e2d8e3496aabb1f65d85c6,unavailable,2017-08-24 21:02:47,rio de janeiro,RJ,,,,,,,On Time,1.0
17a4db677e57484f24eb68217b8de4c1,9f93044b0156639ec44b7ecfca3b9c31,canceled,2017-11-10 14:03:51,brasilia,DF,180.0,15.01,99b4367cf2228c8a86922a0649bee6b8,informatica_acessorios,computers_accessories,,On Time,1.0
17a4db677e57484f24eb68217b8de4c1,9f93044b0156639ec44b7ecfca3b9c31,canceled,2017-11-10 14:03:51,brasilia,DF,180.0,15.01,99b4367cf2228c8a86922a0649bee6b8,informatica_acessorios,computers_accessories,,On Time,1.0
17a4db677e57484f24eb68217b8de4c1,9f93044b0156639ec44b7ecfca3b9c31,canceled,2017-11-10 14:03:51,brasilia,DF,180.0,15.01,99b4367cf2228c8a86922a0649bee6b8,informatica_acessorios,computers_accessories,,On Time,1.0
17a4db677e57484f24eb68217b8de4c1,9f93044b0156639ec44b7ecfca3b9c31,canceled,2017-11-10 14:03:51,brasilia,DF,180.0,15.01,99b4367cf2228c8a86922a0649bee6b8,informatica_acessorios,computers_accessories,,On Time,1.0
17a4db677e57484f24eb68217b8de4c1,9f93044b0156639ec44b7ecfca3b9c31,canceled,2017-11-10 14:03:51,brasilia,DF,180.0,15.01,99b4367cf2228c8a86922a0649bee6b8,informatica_acessorios,computers_accessories,,On Time,1.0
1c2c24a58f6335fa1dbda79cf2ebff74,118b8a381114628bc28dafeb608aa9fd,unavailable,2017-08-17 21:54:26,sao paulo,SP,,,,,,,On Time,5.0
9b95554e4a79777fcb0168932c4a9522,b533e550675cfa12227a15e554a33714,unavailable,2017-03-24 15:27:47,aracaju,SE,,,,,,,On Time,1.0
65d1e226dfaeb8cdc42f665422522d14,b8b8726af116a5cfb35b0315ecef9172,canceled,2016-10-03 21:01:41,rio de janeiro,RJ,21.5,14.11,9c7bdf67b06b419aefb93cfdfc96c55d,esporte_lazer,sports_leisure,35.0,On Time,1.0
7018a2cb4802de2f9ed4b09b6a98e6fd,b2d2a58afa879edda95e349f7390903d,canceled,2017-12-10 10:27:39,uniao dos palmares,AL,,,,,,,On Time,2.0
f63cd97f8f1db2eb266fb3bc2b4a95f3,0dc0731aafd5659410244092b0dc7d65,canceled,2017-06-19 14:07:04,sao paulo,SP,72.0,11.73,98354dc7140f034f3b55ec6fc45dd174,utilidades_domesticas,housewares,,On Time,1.0
d1edb80f6670902ebbb11765b96873da,9f1e408ad389d00984d4f681624d04a9,canceled,2017-06-16 17:21:21,sao leopoldo,RS,27.0,12.48,e891d4a9622cae3b9fc2ec558bda155b,Unknown,,,On Time,2.0
7a56ded9b696cca5e892f56f49b1921a,028ccf85a88eb595cfa50d7a0d417868,canceled,2018-01-28 21:44:00,serrinha,BA,150.0,17.49,8c292ca193d326152e335d77176746f0,beleza_saude,health_beauty,,On Time,5.0
6900ba78f72feb30643f7c2e2ebb3aa1,b6e3114351fe7b547195b542cb8fb006,unavailable,2017-04-23 18:16:54,tupa,SP,,,,,,,On Time,1.0
47e96b5cb6f0592d336b6bf8a817d1c3,78f244c2ca9bc50af8437bb3e3e40679,canceled,2018-01-21 12:44:16,rio de janeiro,RJ,120.9,16.61,db91d5a3b20ec0804d7608ab608bea95,utilidades_domesticas,housewares,,On Time,
56fd7f1e63ea8177e02f64f5077ee7f3,37fa04dee8fc86136fce03f87a6e8879,canceled,2017-02-12 13:41:41,italva,RJ,27.9,14.52,47259ce36f2aa500b4e7528100998ed4,telefonia,telephony,,On Time,
5aa551497a6e4522899b4a89a3eeff5f,ad940dccfb73a91371980ffb90400577,canceled,2017-03-10 22:49:47,monte gordo,BA,115.0,21.26,f35927953ed82e19d06ad3aac2f06353,livros_interesse_geral,books_general_interest,,On Time,1.0
c774761f8e5fbbd73a64408df5698ea7,6fe279814d16772b218b116cd015e1c4,unavailable,2017-10-21 10:38:30,blumenau,SC,,,,,,,On Time,1.0
236e6ec6171c1870d4bcf4ccfad87f49,d05c44a138277ad325d915c6b7ccbcdf,canceled,2018-08-21 15:12:31,sao paulo,SP,,,,,,,On Time,4.0
7b417e4ab50fe706033d4fe21c659f3b,74f102b84b6d27b45d8064e329eb57de,canceled,2018-08-16 17:09:19,porto alegre,RS,,,,,,,On Time,4.0
97cf031e8c5bf37a0b310c07800e323a,203e4f3bf588384b73f0c8d912c4609a,unavailable,2017-09-10 15:33:30,sao paulo,SP,,,,,,,On Time,2.0
b6e63e74aff84a068fdc1b41e9ac29ea,1aa4ee2488e66eb75eac7abb47e5a2ba,canceled,2018-08-07 10:44:34,marica,RJ,,,,,,,On Time,3.0
964bc1b427d6a485b515efcab9985e68,e4797a87a96bbc24c0680dcd456b5f81,canceled,2018-02-25 21:11:16,florianopolis,SC,149.9,15.8,4298b7e67dc399c200662b569563a2b2,informatica_acessorios,computers_accessories,,On Time,1.0
c9f06c1229ec7cd4ec9aed55d434b499,c7487ffbfa6bcd0d672d080467914d6a,canceled,2018-02-05 20:26:29,jaboticabal,SP,150.0,12.55,8c292ca193d326152e335d77176746f0,beleza_saude,health_beauty,,On Time,1.0
72fcdcc4d106595993b31fc91c800113,34a579bc936fd8a2ccce2afaee938baa,canceled,2017-09-12 22:36:04,sao paulo,SP,,,,,,,On Time,5.0
1f0a1cc0dc294f24707a0167df26c94b,fb89dfeb89e96bffacaa12cf8fee6cfb,unavailable,2017-08-03 12:11:32,sao bernardo do campo,SP,,,,,,,On Time,1.0
6e7e891760708803a2f4203981f2d69d,b3c3ded83fde176416890b31406e2415,unavailable,2017-02-16 19:43:11,sao paulo,SP,,,,,,,On Time,1.0
2c45c33d2f9cb8ff8b1c86cc28c11c30,d93a22bb52bb2f41a7267b8a02370781,canceled,2016-10-09 15:39:56,florianopolis,SC,135.0,18.51,e24f73b7631ee3fbb2ab700a9acaa258,fashion_bolsas_e_acessorios,fashion_bags_accessories,30.0,On Time,1.0
93942353ebd22541194b59e590c0d7de,40c74526f72a8b080ddf91fa0a5db9a0,unavailable,2017-02-08 13:32:00,indianopolis,MG,,,,,,,On Time,1.0
fcdcf0cd9b77731f38b0c97a27038042,d61bab1f5fd1ea3304eab39da8b832c3,unavailable,2017-07-06 21:54:54,sao paulo,SP,,,,,,,On Time,1.0
2867faaa7a912bbc2bf8d8e40d7a0354,31eee58232681b6700ccd39fd5b5f5ed,unavailable,2017-01-22 20:43:58,piracicaba,SP,,,,,,,On Time,1.0
32b5ca23bd0b8761a4e3c0fb0b4b4418,192bbbc60add9bf9c97957f459290a9a,unavailable,2018-01-22 09:33:58,teresopolis,RJ,,,,,,,On Time,1.0
0f42926c2892dcd8785fd0c27c5876aa,6799458a73272f25ae39127f1e402dad,canceled,2018-02-24 17:22:11,rio de janeiro,RJ,53.33,16.13,0a8b35c2fbc824f7e1015cf330e6cc3c,esporte_lazer,sports_leisure,,On Time,1.0
8501926dd0837d694fc5af339c02a6b2,cd871ea652df270e190ae786e1c69592,canceled,2018-08-07 22:50:37,sao paulo,SP,250.0,17.94,093cd981b714bcdff182b427d87fc8fc,esporte_lazer,sports_leisure,,On Time,1.0
a112ffd9157da040b7951b8bb6bb2fba,90446df9d52ddfa1dbc02298941b2fbe,unavailable,2017-02-11 17:32:35,guaratingueta,SP,,,,,,,On Time,1.0
b31a540b397cb096c3c5252eab692c9a,763cd1cf30c543008f5ea9b4418f7157,unavailable,2017-11-24 12:56:49,cuite,PB,,,,,,,On Time,1.0
c4fe474b612c47a9371f3404c98aa380,a5ba3c13c34db802095c9cd9baea1194,canceled,2017-10-23 16:31:25,sao paulo,SP,140.0,16.42,9e86427a5a9119af3ad32f27ccd9df52,esporte_lazer,sports_leisure,,On Time,1.0
a0141c1141d9406b48466fe4d1492bf4,d08705f36082bb64ae0acc92fe8bee3c,unavailable,2017-11-13 18:50:21,caetanos,BA,,,,,,,On Time,1.0
b91dd40b68675f4dc29339562895ca26,83f53ee273d3d5b3784d75964d0ba861,unavailable,2018-02-24 16:22:06,rio de janeiro,RJ,,,,,,,On Time,1.0
d49363a0cc2a1915a5a11f85ea08ea48,1a7a10a2b250ade50a90d9e442343a72,unavailable,2018-02-07 15:40:42,terra roxa,PR,,,,,,,On Time,1.0
a6d4e95420d65bd5f299dc95d3493e0d,083b13e0a35dd186fb89c345d9beacac,unavailable,2018-07-23 06:11:11,sarandi,PR,,,,,,,On Time,1.0
9231cd28d094660487390045fec25a3b,98ef521792e9402a42f320bb08124b10,unavailable,2017-05-31 00:23:47,salvador,BA,,,,,,,On Time,1.0
52f308ce830731bfdfea4539e140073f,fcee584a163c5f5db84b01f93d27c038,unavailable,2017-08-02 11:11:01,sete lagoas,MG,,,,,,,On Time,1.0
7813842ae95e8c497fc0233232ae815a,46450c74a0d8c5ca9395da1daac6c120,canceled,2018-08-17 20:06:36,florianopolis,SC,,,,,,,On Time,1.0
ef3b75eae01e343f3d7c05e88a9cc496,443fd1b6933105b9b726f6118a6b756e,unavailable,2017-12-03 16:44:28,barra mansa,RJ,,,,,,,On Time,1.0
1e9cdb2ee26ee17ecb5f050a180cf8ff,decd26e4664352e36dc9bb376c8d50e0,unavailable,2017-05-29 19:22:12,barueri,SP,,,,,,,On Time,1.0
a144aa25d9d14f25ee9f3ec4118e5517,e9d6ce102dcb8ab8a3387021b5040f70,unavailable,2017-11-06 17:36:36,rio de janeiro,RJ,,,,,,,On Time,1.0
167d05678f810589a854d30460ae62f0,d263d3c7ecc90b81eabcbbef12ca5904,canceled,2018-02-03 22:58:58,caxias do sul,RS,192.0,17.78,8a2fde854a6f41aae89ce99303a847e8,esporte_lazer,sports_leisure,,On Time,1.0
1def7af24cb7182497acfd953f6dd88b,1b147d0d5982b646a839c1952eb1f518,canceled,2017-12-21 09:22:36,niteroi,RJ,244.69,54.31,97ac2c1509cfea4a471cb1cfa1e3e512,esporte_lazer,sports_leisure,,On Time,1.0
ae443cb420061bab1f2c5e3ad279fde8,6e14116d3471123fcf057c203fd7e801,unavailable,2018-03-03 09:32:36,holambra,SP,,,,,,,On Time,1.0
69647a30e77959dbf0000636927c27d6,889ddb61eeeddd43f113fc72901e0494,unavailable,2017-08-11 21:08:16,brasilia,DF,,,,,,,On Time,1.0
bf3c691a76e2c8733340a8f7e251a0f1,f361fb29d1b82df3c571339b1fd3735d,unavailable,2018-01-12 10:35:02,ouro preto,MG,,,,,,,On Time,1.0
02de1e44936e56ddc1621c46d86bf91e,24aa3d9034dd158d598b5fbb388f9bb3,unavailable,2018-08-21 12:21:00,sao paulo,SP,,,,,,,On Time,3.0
ee6c0c64fe661230879a8491ce7dac76,f96e912268b0e5fc5f81bf5670bbb766,canceled,2017-11-08 00:11:54,rio de janeiro,RJ,12.99,7.94,1b46816aa838ce9ae97feda7b2f51f26,artigos_de_natal,christmas_supplies,,On Time,1.0
7159096c5aa9be77f7f0c26c01ee9793,0858c8086ef3b4bc86fef82638bcfa52,canceled,2018-03-15 10:06:35,campo grande,MS,,,,,,,On Time,1.0
5a14c8b3d919a4ef3f3428b0459c47b2,a128eb4a87a5195a3a5dfbdc3426c834,canceled,2017-05-29 23:53:39,joinville,SC,,,,,,,On Time,5.0
b34369ee8397436dd7ceb8bb7783671d,04c55667b44fae5f50ed71d40c633d09,canceled,2017-06-07 20:11:29,taubate,SP,,,,,,,On Time,5.0
eb2dc067ee1a4eac77e2d045f01cf7f0,337c366128e3c95a986ca2c89b7030d8,unavailable,2017-12-04 23:16:03,mogi das cruzes,SP,,,,,,,On Time,4.0
716bcd6dfe99970baf4aed2083136ed8,735e1a0bf3473b83aa51ba5a03387cec,canceled,2018-02-03 13:37:35,penha,SC,149.0,13.29,0d826eba8e0a2ae3bca9e3a947dd756d,brinquedos,toys,,On Time,1.0
9acc95f3652577fb8a5c8b1a7ee9bd96,92c86300d1082d8fd9b3ec2aeeaf16a3,canceled,2018-02-15 20:18:27,fortaleza,CE,23.75,17.63,f6a4cf51bd4911bee9e0308879e005fd,utilidades_domesticas,housewares,,On Time,1.0
8298521946fcd8c9f8b984aad6176694,5b67b2b422202d9bfd326ed53b7bd038,unavailable,2017-03-07 23:02:58,pirapemas,MA,,,,,,,On Time,4.0
d4ceda456a12b48a1f8a592aa2070b30,c4885a20001538b8c0b0a0fab5ba03f3,canceled,2017-10-10 14:07:52,ibira,SP,68.9,11.98,dbbaf4c939ff935365a67aee70c9b42a,cool_stuff,cool_stuff,,On Time,
11c71300049cd2c9896b0be33f04d574,7146a4a7f52aebbfe3a384100cd5c9d4,unavailable,2017-06-15 10:07:14,sao paulo,SP,,,,,,,On Time,1.0
f5b3a06b2ac88029188565f5e8bf4347,8434d52e98a740c4907b1b05ad33148d,canceled,2017-11-14 07:50:39,guarulhos,SP,69.9,9.34,63a033b030ff3da0b4b4eb3043c503d1,fashion_calcados,fashion_shoes,,On Time,1.0
2e3c6e30c69763a7dfe40f11a19ed3da,9c783b71f0ea85aac770d6aa99e8a01d,unavailable,2017-10-23 18:24:27,volta redonda,RJ,,,,,,,On Time,1.0
52fd8c890356febe4f78b653ef130cd2,32300168b351a3fede32444fae9b7b25,unavailable,2017-02-08 13:03:36,sao paulo,SP,,,,,,,On Time,1.0
b41b68092121772821fcdd6f7fb1594c,9d4e2b9608fc029188a1ad31174aeef3,canceled,2017-02-16 12:33:56,sao paulo,SP,165.0,11.87,8c34ab7fffe8c063bc8c6da88aa92185,esporte_lazer,sports_leisure,,On Time,1.0
efa3e0b795c3871ff5413d163cc9d6f0,0d98133cd940dabf5ebe2742fb2fbc4a,unavailable,2017-11-17 19:42:32,sao paulo,SP,,,,,,,On Time,1.0
5a00b4d35edffc56b825c3646a99ba9d,40d1c2a6b8ac6ccc102d473ff51cc46d,canceled,2017-07-02 15:38:46,cariacica,ES,,,,,,,On Time,1.0
73d6d096aaef87398a0321fc1acc5a54,a9b8b12b441cba8f5a0c1d70021f16d1,unavailable,2017-10-17 07:49:44,guarulhos,SP,,,,,,,On Time,1.0
af264f3527e94e431f0dcd56cd6b406d,d0e87d00021530383c16452a39a393ba,unavailable,2017-07-12 14:49:11,porto seguro,BA,,,,,,,On Time,5.0
6c4e764954bc530adac8b0842d8f1647,b0e66140f2829b8be7786ba26cb1dc06,unavailable,2017-08-12 14:18:34,sao goncalo,RJ,,,,,,,On Time,5.0
37af1b25e7710f09d122aaf3f8b68114,05245bc04a232db14bfa07a935f8f0e2,unavailable,2017-05-02 14:23:24,campo grande,MS,,,,,,,On Time,1.0
affcfd3067c168967157abe801a3c4ec,062fe2e9df8c4c7b058a6d711bae0f3d,canceled,2018-02-17 22:18:30,sao paulo,SP,49.0,7.78,67817dbbb200f7f623c75ac106b07808,relogios_presentes,watches_gifts,,On Time,2.0
227c804e2a44760671a6a5697ea549e4,aa75afb965e89078d8681fe33aaaeded,canceled,2017-09-28 15:02:56,atibaia,SP,,,,,,,On Time,1.0
269507123b136cce3d2f6c5915f11bad,fcc8748e0d31248aea03fea7fce8da58,unavailable,2018-02-12 21:13:25,curitiba,PR,,,,,,,On Time,1.0
abc371fa4448846ac98855c256ab235f,70b1b3192204865d74286c5c85196102,unavailable,2017-02-11 19:26:28,nova friburgo,RJ,,,,,,,On Time,1.0
2be6c8b958e16856397259974d4abee9,4e5fccc1c335360bbc4a9aac8491e477,canceled,2018-04-02 18:20:00,brasilia,DF,557.0,60.81,96f4be9a5580c9fc8f6a6fa033ffb485,fashion_bolsas_e_acessorios,fashion_bags_accessories,,On Time,1.0
1ce8144d59eef2763c0fbaf8ffd26d31,5195a43819843e980c42c5c1138b6a90,unavailable,2017-08-10 12:44:08,taboao da serra,SP,,,,,,,On Time,2.0
f5f8998eee8ec7bc513dc52847d64ce0,149164aee69ed656dedbbe68623157bc,canceled,2018-03-01 11:42:23,americana,SP,79.9,22.19,51bd37bb8517d5bfdb1f54c11fb01d27,moveis_decoracao,furniture_decor,,On Time,1.0
5a8a4dc28b16fb90469ad749f9535773,82ec5f749b66f1857e868b6414a67ab3,canceled,2018-03-13 10:58:09,taboao da serra,SP,149.0,11.67,33ac889bc3af4ddede9c14fc789a3743,ferramentas_jardim,garden_tools,,On Time,5.0
5a8a4dc28b16fb90469ad749f9535773,82ec5f749b66f1857e868b6414a67ab3,canceled,2018-03-13 10:58:09,taboao da serra,SP,149.0,11.67,33ac889bc3af4ddede9c14fc789a3743,ferramentas_jardim,garden_tools,,On Time,5.0
b159d0ce7cd881052da94fa165617b05,78a159045124eb7601951b917a42034f,canceled,2017-03-11 19:51:36,gaspar,SC,19.7,10.96,241a1ffc9cf969b27de6e72301020268,automotivo,auto,,On Time,1.0
2d57932a94a64e0729ec5b88b4860d0d,78b9dd8b77ff3abe5f5b84bc2b030d1f,unavailable,2018-03-31 19:08:47,ilhabela,SP,,,,,,,On Time,5.0
e49e7ce1471b4693482d40c2bd3ad196,13d7bd0b05e18b00f415221b3bb69348,canceled,2018-08-07 11:16:28,sao bernardo do campo,SP,,,,,,,On Time,2.0
e58b8168894c93cf61d36c90775acd85,886c05aaa3a617c8b3a6b441eb88de2f,unavailable,2017-02-26 16:13:36,pinhais,PR,,,,,,,On Time,1.0
6560fb10610771449cb0463c5ba12199,0f75924cbbe60142068f4029d744b724,canceled,2017-10-01 22:26:25,curitiba,PR,150.0,16.81,dc2410804cf782c5d87dbcd201b74e9b,informatica_acessorios,computers_accessories,,On Time,1.0
6560fb10610771449cb0463c5ba12199,0f75924cbbe60142068f4029d744b724,canceled,2017-10-01 22:26:25,curitiba,PR,150.0,16.81,dc2410804cf782c5d87dbcd201b74e9b,informatica_acessorios,computers_accessories,,On Time,1.0
6cf5c427fb11bc5fe8abefa86aa7ba0b,9004096d8ffc515d4189e661fc4bcb84,unavailable,2017-10-17 10:53:48,sao paulo,SP,,,,,,,On Time,1.0
1c7c8ab324927f5b6e52338bd110bef4,0aa3b096dc796c251f9b36a822051ed6,unavailable,2017-12-23 18:48:09,pitangueiras,SP,,,,,,,On Time,1.0
aaab15da689073f8f9aa978a390a69d1,a33e0969408919ba06779f497ead93ec,unavailable,2018-01-16 14:27:59,guarulhos,SP,,,,,,,On Time,1.0
3a3cddda5a7c27851bd96c3313412840,e90598185d2427a35e32ef241a5c04aa,canceled,2018-08-31 16:13:44,santos,SP,,,,,,,On Time,5.0
a89abace0dcc01eeb267a9660b5ac126,d05c44a138277ad325d915c6b7ccbcdf,canceled,2018-09-06 18:45:47,sao paulo,SP,,,,,,,On Time,4.0
a69ba794cc7deb415c3e15a0a3877e69,e72a90a2b29fe1a8795b284aaaa3246f,unavailable,2017-08-23 16:28:04,rio de janeiro,RJ,,,,,,,On Time,1.0
5fabc81b6322c8443648e1b21a6fef21,393d95c05b04db26ac084374094b3a52,unavailable,2017-10-10 10:50:03,sorocaba,SP,,,,,,,On Time,1.0
